layer_id,name,D,M,N,Q,W_scale,alpha,alpha_weighted,bulk_max,bulk_min,entropy,has_esd,lambda_max,layer_type,log_alpha_norm,log_norm,log_spectral_norm,longname,matrix_rank,mp_softrank,norm,num_evals,num_pl_spikes,num_spikes,rank_loss,rf,sigma,sigma_mp,spectral_norm,stable_rank,status,sv_max,sv_min,warning,weak_rank_loss,xmax,xmin
3,Conv2d,0.10825563159137852,3,32,10.666666666666666,24.530831596840024,1.9995892933390969,-4.0213669961369725,0.0007870593711634971,0.00022206654993020544,0.78711065765196,True,0.009747730568051338,conv2d,-3.6369241695801455,-1.3480607779771498,-2.0110964834292178,clip_model.visual.conv1,27,0.0807428319513798,0.04486825939966366,27,19,8,0,9,0.22932151130054512,0.5268790389185989,0.009747730568051338,4.602944150582245,success,0.09873059391975403,0.029667040333151817,over-trained,0,0.009747730568051338,0.0005145668401382864
6,Conv2d,0.07768817461240829,32,32,1.0,17.332832513774626,1.754276051609049,-2.1133798300028652,0.01333658143667402,0.0,0.7235890028422274,True,0.06241630017757416,conv2d,-1.1840456503914603,-0.018346593188768374,-1.2047019783827297,clip_model.visual.conv2,288,0.21367145118713368,0.9586352773907278,288,78,18,0,9,0.08540494506421899,1.0008334348872197,0.06241630017757416,15.358732809593228,success,0.24983254075050354,0.0004189974279142916,over-trained,16,0.06241630017757416,0.0015501125017181039
9,Conv2d,0.11801481240611739,32,64,2.0,13.802239895337236,3.5572435052463947,-4.552036393281223,0.006967417908861716,0.00020510163344803755,0.8739724001511767,True,0.052522726356983185,conv2d,-3.9627456758454227,0.17949334463104122,-1.279652738579088,clip_model.visual.conv3,288,0.1326552978515625,1.5117965315766924,288,33,60,0,9,0.44515895510122466,0.6748772902663916,0.052522726356983185,28.783664452248882,success,0.22917836904525757,0.019456136971712112,,0,0.052522726356983185,0.014905055984854698
15,Conv2d,0.11898711711158194,64,64,1.0,12.425432724256344,2.4205276996977583,-3.293054916309707,0.02717364782358393,0.0,0.8234860914705056,True,0.04360438510775566,conv2d,-2.800864585089236,-0.38244307056275356,-1.3604698333842236,clip_model.visual.layer1.0.conv1,64,0.6231861258089547,0.4145309192097315,64,23,2,0,1,0.2962005009543224,1.02413096614059,0.04360438510775566,9.506633752209506,success,0.20881663262844086,0.00018497293058317155,,1,0.04360438510775566,0.0064992355182766914
18,Conv2d,0.07528302372706097,64,64,1.0,13.981858677433198,2.5387613952008827,-2.400838582158726,0.020660217297471337,0.0,0.871169704488914,True,0.11332528293132782,conv2d,-1.819551302180478,0.4692926671136046,-0.9456731879951864,clip_model.visual.layer1.0.conv2,576,0.18230898492431644,2.946406521564512,576,77,29,0,9,0.17535813563092936,1.0048525870845895,0.11332528293132782,25.99955142710703,success,0.3366382122039795,0.001462169922888279,,8,0.11332528293132782,0.010783901438117027
22,Conv2d,0.08040289576322268,64,256,4.0,7.067155660682964,4.352533805236462,-4.323500839183457,0.039997886201895476,0.004444209577988386,0.9439132540580537,True,0.10154776275157928,conv2d,-4.204920561425758,0.10769065966315859,-0.993329640307888,clip_model.visual.layer1.0.conv3,64,0.39388249546909315,1.2814175263047218,64,12,3,0,1,0.9677931474602959,0.9422625235283922,0.10154776275157928,12.618865168300255,success,0.31866559386253357,0.05474323779344559,,0,0.10154776275157928,0.03112633153796196
27,Conv2d,0.059354468819142414,64,256,4.0,6.326575564123906,3.2348639516639857,-2.472331826722611,0.004987304438894831,0.0005541449376549813,0.909120320944902,True,0.17207710444927216,conv2d,-2.340267814160092,0.20384257481173185,-0.764276910455806,clip_model.visual.layer1.0.downsample.0,64,0.028982963508460677,1.5989783180702943,64,25,50,0,1,0.44697279033279713,0.29785876214579876,0.17207710444927216,9.292220038149635,success,0.4148217737674713,0.016372857615351677,,0,0.17207710444927216,0.026130765676498413
31,Conv2d,0.10697930866164973,64,256,4.0,6.604174366833197,3.078454290252293,-3.4426638433530785,0.04153900494650295,0.004615444994055883,0.9465306791107274,True,0.07615365833044052,conv2d,-2.7254033861236366,0.1665429115637955,-1.1183092288406,clip_model.visual.layer1.1.conv1,64,0.5454630264282231,1.4673810680396855,64,27,6,0,1,0.399998714658498,0.8973364652468179,0.07615365833044052,19.26868781106392,success,0.2759595215320587,0.06608057767152786,,0,0.07615365833044052,0.02205633744597435
34,Conv2d,0.07915173023127531,64,64,1.0,14.265488573464522,2.577724680572853,-2.966681711716591,0.01997352836277589,0.0,0.8783821129873522,True,0.07064938545227051,conv2d,-2.0465574940462936,0.45184918294405485,-1.15089161153444,clip_model.visual.layer1.1.conv2,576,0.28271340557193747,2.8304089115429667,576,77,29,1,9,0.17979841409268046,1.0080545863671755,0.07064938545227051,40.06275346096452,success,0.26579952239990234,0.001760430634021759,,11,0.07064938545227051,0.010780110955238342
38,Conv2d,0.10005636846452032,64,256,4.0,6.961919092411572,7.149554560756621,-8.669259482665879,0.045030438708820716,0.005003382078757858,0.9615765015002088,True,0.06129719689488411,conv2d,-8.439589122055644,0.12072203029113239,-1.2125593852029337,clip_model.visual.layer1.1.conv3,64,0.7346247624673841,1.320450210943818,64,7,2,0,1,2.324313148797866,0.9848969710853986,0.06129719689488411,21.541771530078293,success,0.24758270382881165,0.0652976930141449,under-trained,0,0.06129719689488411,0.03824453800916672
43,Conv2d,0.1299338861040803,64,256,4.0,6.897926967983883,6.4723740840448905,-7.287644392899559,0.038278853436363135,0.004253205937373682,0.9435393730385698,True,0.07482357323169708,conv2d,-7.085984511622552,0.12874279008510556,-1.1259615557241043,clip_model.visual.layer1.2.conv1,64,0.5115881504058841,1.3450635073240846,64,8,7,0,1,1.9347764120088318,0.8997187958771479,0.07482357323169708,17.976467164418754,success,0.2735389769077301,0.05657162144780159,under-trained,0,0.07482357323169708,0.04217598959803581
46,Conv2d,0.09562521004902097,64,64,1.0,14.34142665284053,3.2488119314177677,-3.857970112804713,0.019909333215403367,0.0,0.8832572366897132,True,0.06493788957595825,conv2d,-3.078239909730398,0.44723777118675834,-1.1875018296676567,clip_model.visual.layer1.2.conv2,576,0.3065903949975969,2.8005141489760206,576,43,30,0,9,0.342940604488113,1.0117907812614002,0.06493788957595825,43.12604193427386,success,0.25482913851737976,0.0009534076671116054,,11,0.06493788957595825,0.018008321523666382
50,Conv2d,0.11041585297610251,64,256,4.0,7.156858003019743,6.896409076453291,-7.969597344056448,0.042052196631149896,0.004672466292349987,0.9600766538756861,True,0.06988508254289627,conv2d,-7.906219735875305,0.09673517278689304,-1.155615517540482,clip_model.visual.layer1.2.conv3,64,0.601733518814087,1.249496870674193,64,9,1,0,1,1.965469692151097,0.9784203676429384,0.06988508254289627,17.879307360154254,success,0.26435786485671997,0.060273464769124985,under-trained,0,0.06988508254289627,0.03419869765639305
56,Conv2d,0.11654332178854826,128,256,2.0,7.0351392913633095,2.8553871841680483,-2.8177974136228823,0.04489185514558334,0.0013214928312483079,0.915748497885163,True,0.10307765007019043,conv2d,-2.0463308880318123,0.41266456841718757,-0.9868354909086986,clip_model.visual.layer2.0.conv1,128,0.4355149260292057,2.5862146554281935,128,42,13,0,1,0.2862924579938626,0.8731639353338565,0.10307765007019043,25.08996522201581,success,0.3210570812225342,0.02755003422498703,,0,0.10307765007019043,0.02364242635667324
59,Conv2d,0.07214981292879383,128,128,1.0,10.391245587987472,4.714344063746083,-4.248869577924324,0.038001469890283864,0.0,0.9564340353442284,True,0.12552660703659058,conv2d,-3.7746644781153402,1.0281172608608637,-0.9012642099244904,clip_model.visual.layer2.0.conv2,1152,0.30273637428283684,10.668841443821586,1152,35,45,0,9,0.627838737800122,1.0128329256158017,0.12552660703659058,84.99266964741312,success,0.35429733991622925,0.0011640782468020916,,12,0.12552660703659058,0.04706738144159317
63,Conv2d,0.08820938252316851,128,512,4.0,4.992185538319693,5.5722450977507085,-4.531536309310344,0.08410188570764603,0.009344653967516225,0.9663333381032368,True,0.1537327915430069,conv2d,-4.243394536215823,0.7106285339389451,-0.8132334866496707,clip_model.visual.layer2.0.conv3,128,0.5470653649330139,5.136041614692658,128,17,5,0,1,1.1089323226022774,0.965166691143728,0.1537327915430069,33.408888000682964,success,0.3920877277851105,0.0794900506734848,,0,0.1537327915430069,0.07029002159833908
68,Conv2d,0.07239270776279816,256,512,2.0,4.901869324001931,6.322095443118345,-3.70900962433766,0.08331799824574994,0.002452652870741302,0.9302119425771112,True,0.25901558995246887,conv2d,-3.452753878026883,1.0275165063639944,-0.5866740952756334,clip_model.visual.layer2.0.downsample.0,256,0.32167175057315806,10.654093562392518,256,16,36,0,1,1.3305238607795862,0.8288395296561955,0.25901558995246887,41.13302046547707,success,0.5089357495307922,0.039762262254953384,under-trained,0,0.25901558995246887,0.12578900158405304
72,Conv2d,0.10012816502045263,128,512,4.0,4.788620445789626,4.476483877701114,-3.4610775774520186,0.08026558987498285,0.008918398874998096,0.9560752143013942,True,0.1685897707939148,conv2d,-2.8590558187998507,0.7467891386746421,-0.7731687797855861,clip_model.visual.layer2.1.conv1,128,0.4761000000000001,5.58199108671397,128,21,13,0,1,0.7586309772313787,0.9044485300736022,0.1685897707939148,33.10990376478672,success,0.4105968475341797,0.07718075811862946,,0,0.1685897707939148,0.07485377043485641
75,Conv2d,0.06564693033307406,128,128,1.0,10.032091480732381,2.255444347155655,-1.7870716861083804,0.040501141024364105,0.0,0.93838889517792,True,0.16131068766117096,conv2d,-0.6413105328970596,1.058669511580392,-0.7923368574188318,clip_model.visual.layer2.1.conv2,1152,0.2510753726959229,11.446415632241672,1152,280,62,0,9,0.07502715005737896,1.009473952710638,0.16131068766117096,70.95881741130867,success,0.4016350209712982,0.0007957167690619826,,16,0.16131068766117096,0.011525213718414307
79,Conv2d,0.07030489226248994,128,512,4.0,4.904884918302426,4.292480226721813,-2.794663016678355,0.07855522152756535,0.008728357947507261,0.9539559896538025,True,0.22332626581192017,conv2d,-2.5426282255176518,0.7259523253933219,-0.6510601957536918,clip_model.visual.layer2.1.conv3,128,0.35175092926025375,5.320498503744602,128,17,11,0,1,0.7985437497077422,0.9164844314907561,0.22332626581192017,23.82388155016837,success,0.4725740849971771,0.07232784479856491,,0,0.22332626581192017,0.07409501075744629
84,Conv2d,0.09194212816721137,128,512,4.0,4.886415959404772,4.399723445831242,-3.3312275177569863,0.08063337566626846,0.008959263962918717,0.9564220128460797,True,0.17492635548114777,conv2d,-2.854486938332232,0.7292291020132116,-0.7571447521123946,clip_model.visual.layer2.2.conv1,128,0.46095612890625004,5.360793792176992,128,20,11,0,1,0.7602012729578481,0.9250316567892423,0.17492635548114777,30.646004013698995,success,0.4182419776916504,0.08141063153743744,,0,0.17492635548114777,0.07149180769920349
87,Conv2d,0.07281300410703084,128,128,1.0,10.092448109598331,2.8445738223763692,-2.5431431528991175,0.040112110007034754,0.0,0.9538824625631812,True,0.12763415277004242,conv2d,-1.488008113068706,1.0534594287680263,-0.8940331001058587,clip_model.visual.layer2.2.conv2,1152,0.31427411187744136,11.30991728605667,1152,175,46,0,9,0.13943667454022007,1.01065815187809,0.12763415277004242,88.61199796917735,success,0.35725921392440796,0.0009347315062768757,,14,0.12763415277004242,0.020072780549526215
91,Conv2d,0.05648541067938406,128,512,4.0,4.9636212248795415,4.387931410761295,-2.0108360281040825,0.07534157377207622,0.008371285974675135,0.9399560078148047,True,0.3481247127056122,conv2d,-1.9741421038157472,0.7156127036967614,-0.45826514588914397,clip_model.visual.layer2.2.conv3,128,0.21642121636962897,5.195324798114598,128,16,12,0,1,0.8469828526903238,0.9082903869473172,0.3481247127056122,14.923746026924457,success,0.5900209546089172,0.04309888184070587,,0,0.3481247127056122,0.07695438712835312
96,Conv2d,0.0635901524554946,128,512,4.0,4.942714199759708,6.07515317273482,-4.420510383187698,0.07801081397851183,0.00866786821983465,0.9579749615124012,True,0.187224343419075,conv2d,-4.27406081079828,0.7192789712857828,-0.7276376837750973,clip_model.visual.layer2.3.conv1,128,0.41667024999999996,5.239368820562959,128,12,12,0,1,1.4650705252285157,0.9203470928818075,0.187224343419075,27.984442219863354,success,0.43269428610801697,0.07887502014636993,under-trained,0,0.187224343419075,0.08639608323574066
99,Conv2d,0.06916698065044158,128,128,1.0,10.10547941167316,2.7069756508802967,-2.2737624847027327,0.039965900502122696,0.0,0.9543516813725577,True,0.14455591142177582,conv2d,-1.3229877504385588,1.052338635882239,-0.8399641437348411,clip_model.visual.layer2.3.conv2,1152,0.2764736502923965,11.28076717543819,1152,202,48,0,9,0.12010238768737687,1.0101171096109312,0.14455591142177582,78.03739787938456,success,0.38020509481430054,0.0009948781225830317,,12,0.14455591142177582,0.017577748745679855
103,Conv2d,0.0465877428189756,128,512,4.0,4.975662021382888,4.683802490046695,-2.636837377155166,0.07601591264994839,0.008446212516660931,0.9521705188967867,True,0.27354615926742554,conv2d,-2.581042258300502,0.713508224366545,-0.5629693785676428,clip_model.visual.layer2.3.conv3,128,0.27789062311649326,5.170210488606244,128,20,10,0,1,0.8237232783427402,0.9145593004855661,0.27354615926742554,18.900687556544042,success,0.5230163931846619,0.07072878628969193,,0,0.27354615926742554,0.06929130107164383
109,Conv2d,0.04150671909381265,256,512,2.0,4.992750449146513,4.4312624193603325,-1.6460255473665752,0.08742645415737765,0.002573594520782465,0.9313798803968838,True,0.4251503348350525,conv2d,-1.571595431226696,1.0115602464870703,-0.37145747455060096,clip_model.visual.layer3.0.conv1,256,0.20563656427860252,10.269758866168559,256,26,26,0,1,0.6729259243298433,0.8647699786067116,0.4251503348350525,24.15559397395974,success,0.6520355343818665,0.04137123003602028,,0,0.4251503348350525,0.09592386335134506
112,Conv2d,0.03097861450192807,256,256,1.0,7.369352728914652,3.9149438752431207,-0.4221906899687351,0.07508633473285656,0.0,1.0312316555711145,True,0.7801160216331482,conv2d,-0.3729843214014077,1.6276237863072858,-0.10784080268392526,clip_model.visual.layer3.0.conv2,2304,0.09625021490478518,42.4251890561229,2304,89,84,0,9,0.3089834328095232,1.0096708107873669,0.7801160216331482,54.38317875757392,success,0.8832417726516724,0.000986939761787653,,17,0.7801160216331482,0.07825639098882675
116,Conv2d,0.04224177546042779,256,1024,4.0,3.548801073118211,5.828829344440866,-2.335025165576336,0.16074747699025188,0.01786083077669465,0.9743424404442194,True,0.39755815267562866,conv2d,-2.1608840682891133,1.3080766537219777,-0.4005993360919584,clip_model.visual.layer3.0.conv3,256,0.4043370156250002,20.32715757098049,256,29,15,0,1,0.8966910981152183,0.9485549163708998,0.39755815267562866,51.1300232033365,success,0.6305221319198608,0.10379450768232346,,0,0.39755815267562866,0.14908362925052643
121,Conv2d,0.06482169625510747,512,1024,2.0,3.42488620988566,5.203949739210801,-0.27714367550371044,0.18488381334533285,0.005442471315951959,0.9585018520343407,True,0.8845931887626648,conv2d,-0.09217637403439428,1.6399776672691289,-0.0532564089571204,clip_model.visual.layer3.0.downsample.0,512,0.20900433746719357,43.64933858579025,512,37,56,0,1,0.6911250798088766,0.862650551750971,0.8845931887626648,49.343968662979734,success,0.940528154373169,0.061155855655670166,,0,0.8845931887626648,0.22943688929080963
125,Conv2d,0.07758897103047069,256,1024,4.0,3.454990041061058,4.468210085910773,-1.5897407852800005,0.15083403746535526,0.016759337496150585,0.9653680666479352,True,0.4407687783241272,conv2d,-1.1363470464558876,1.331346365577934,-0.35578917613851574,clip_model.visual.layer3.1.conv1,256,0.3422067189941406,21.44600315671414,256,39,30,0,1,0.5553580780650746,0.8945512335502914,0.4407687783241272,48.65590352895513,success,0.6639041900634766,0.10948675125837326,,0,0.4407687783241272,0.1492902934551239
128,Conv2d,0.04251489224017185,256,256,1.0,7.001073731355242,3.9749894704193633,-1.6569612287216537,0.08341039567070456,0.0,1.0308008467763174,True,0.38295990228652954,conv2d,-1.0314044855291729,1.6721531719106137,-0.4168466963377499,clip_model.visual.layer3.1.conv2,2304,0.21780451470947249,47.00598654252973,2304,59,86,0,9,0.38731063933331483,1.0109850801358142,0.38295990228652954,122.74388587910174,success,0.6188375353813171,0.00047666276805102825,,14,0.38295990228652954,0.10494450479745865
132,Conv2d,0.06244506823035911,256,1024,4.0,3.484347750048439,3.594990504664907,-0.8047668535690121,0.14227701268480122,0.01580855696497791,0.9599622533842906,True,0.5972307324409485,conv2d,-0.4224257214679902,1.3239969801087896,-0.22385785234334724,clip_model.visual.layer3.1.conv3,256,0.23822788238525375,21.08613487519324,256,40,30,0,1,0.41030402506254515,0.8761886084872847,0.5972307324409485,35.30651342909274,success,0.7728070616722107,0.09065421670675278,,0,0.5972307324409485,0.13530778884887695
137,Conv2d,0.07575119373260403,256,1024,4.0,3.448939925386326,4.078573238504248,-1.4662865246712184,0.1627063230855235,0.018078480342835938,0.9695382923008741,True,0.43700894713401794,conv2d,-0.9741575344363986,1.332868705774193,-0.35950967137933654,clip_model.visual.layer3.2.conv1,256,0.37231805928134964,21.52131012454629,256,56,23,0,1,0.4113916535204998,0.9274629853181093,0.43700894713401794,49.24684097588128,success,0.6610665321350098,0.10237791389226913,,0,0.43700894713401794,0.12355009466409683
140,Conv2d,0.05239230437744635,256,256,1.0,7.0183094382238895,5.686352312259363,-2.747849719362648,0.0830210297741028,0.0,1.037728301328406,True,0.32867303490638733,conv2d,-2.4663362652311727,1.6700174499418143,-0.4832359249775086,clip_model.visual.layer3.2.conv2,2304,0.252594587802887,46.77539352514685,2304,31,89,0,9,0.8416937224472179,1.0111057373431391,0.32867303490638733,142.315884047103,success,0.5733001232147217,0.0006665880209766328,,14,0.32867303490638733,0.12923413515090942
144,Conv2d,0.05476085119648977,256,1024,4.0,3.4709924850969887,4.183353424184864,-1.0385649015015392,0.16161420287841288,0.017957133653156987,0.9633300516332746,True,0.5645971298217773,conv2d,-0.7666003807033145,1.3273326185132162,-0.2482613339569573,clip_model.visual.layer3.2.conv3,256,0.2862469437799455,21.24871240509674,256,36,22,0,1,0.5305589040308106,0.9302553504797467,0.5645971298217773,37.63517609769674,success,0.7513967752456665,0.08412983268499374,,0,0.5645971298217773,0.14735984802246094
149,Conv2d,0.06898802927716574,256,1024,4.0,3.443857723298722,6.025353480613835,-2.144031933024135,0.16842242023102902,0.018713602247892112,0.9761148138148908,True,0.4407222270965576,conv2d,-2.0039460235773,1.3341495631763858,-0.35583504601388316,clip_model.visual.layer3.3.conv1,256,0.3821509555816649,21.584876253269613,256,18,17,0,1,1.1844871746671541,0.9422234179319977,0.4407222270965576,48.97614625763042,success,0.6638691425323486,0.11590025573968887,under-trained,0,0.4407222270965576,0.1797066479921341
152,Conv2d,0.05622781005846045,256,256,1.0,7.077532979055283,4.52577775581783,-1.8041545999167596,0.08135999100828187,0.0,1.030827561458674,True,0.39935609698295593,conv2d,-1.3595882098927727,1.6627186713188264,-0.39863968079244316,clip_model.visual.layer3.3.conv2,2304,0.20372793009281193,45.99585236389418,2304,38,94,0,9,0.5719566781399992,1.0093861746793793,0.39935609698295593,115.17503479071019,success,0.6319462656974792,0.0006448398344218731,,16,0.39935609698295593,0.129240483045578
156,Conv2d,0.03835002334310289,256,1024,4.0,3.45732424880071,4.113432632383891,-0.958168999104616,0.16153511713816526,0.017948346348685033,0.9681751135964481,True,0.5848754644393921,conv2d,-0.6787670776133037,1.3307597408748493,-0.23293659693396282,clip_model.visual.layer3.3.conv3,256,0.2761872004547122,21.41705445293337,256,39,18,0,1,0.49854821942014493,0.9263654063307063,0.5848754644393921,36.61814481047139,success,0.7647715210914612,0.09910400956869125,,0,0.5848754644393921,0.1361376792192459
161,Conv2d,0.05825172183161187,256,1024,4.0,3.4643859344919,5.650402000802755,-1.553570448836009,0.1635910601876823,0.01817678446529803,0.9742201622436684,True,0.530947208404541,conv2d,-1.493836053054463,1.3289874319445674,-0.2749486582751621,clip_model.visual.layer3.4.conv1,256,0.30811172485351584,21.329831858165562,256,16,18,0,1,1.1626005002006887,0.934146070136227,0.530947208404541,40.17316885846373,success,0.7286612391471863,0.12189306318759918,,0,0.530947208404541,0.18280915915966034
164,Conv2d,0.05053179577261241,256,256,1.0,7.211501523774322,2.85367920270014,-0.8341823148687085,0.07790951388423428,0.0,1.0231779769062934,True,0.5101311206817627,conv2d,-0.13164634699226618,1.6464310755212157,-0.29231818141275606,clip_model.visual.layer3.4.conv2,2304,0.15272448734378805,44.302789839862214,2304,240,98,0,9,0.11965447802114473,1.0064470963542553,0.5101311206817627,86.84588734883285,success,0.7142346501350403,0.0007261800346896052,,16,0.5101311206817627,0.0480533093214035
168,Conv2d,0.04245830765294889,256,1024,4.0,3.4665050207966153,4.520538845721031,-0.43276933421809743,0.16521118764053622,0.018356798626726248,0.9692507714470778,True,0.8021692037582397,conv2d,-0.39309464546427864,1.328456298199467,-0.09573401512249813,clip_model.visual.layer3.4.conv3,256,0.20595553514957438,21.303761831484735,256,36,14,0,1,0.5867564742868385,0.9393345597864742,0.8021692037582397,26.55769098548606,success,0.8956390023231506,0.10396602749824524,,0,0.8021692037582397,0.1386042684316635
173,Conv2d,0.0553891395509446,256,1024,4.0,3.4698171657748036,5.699386703359344,-1.255971234582737,0.16063860924626644,0.01784873436069627,0.9727884228602923,True,0.6020470857620239,conv2d,-1.2287646592100876,1.3276267828696262,-0.22036954148811133,clip_model.visual.layer3.5.conv1,256,0.2668206740722658,21.26310985069722,256,17,17,0,1,1.1397686913866907,0.9271292864435026,0.6020470857620239,35.31801806462371,success,0.7759169340133667,0.12338779866695404,,0,0.6020470857620239,0.1800009161233902
176,Conv2d,0.041216864037818324,256,256,1.0,7.3379707498546205,3.01756611036764,-0.6187930576669826,0.0751036974990456,0.0,1.0063483156061828,True,0.6236434578895569,conv2d,-0.04965920398545024,1.6313305222176808,-0.20506362910855763,clip_model.visual.layer3.5.conv2,2304,0.12042729952335354,42.788840910589585,2304,141,117,0,9,0.16990971757248124,1.0054874167226409,0.6236434578895569,68.61106353202089,success,0.7897109985351562,0.0005596762639470398,,17,0.6236434578895569,0.07121367752552032
180,Conv2d,0.04052112204069458,256,1024,4.0,3.531533013500047,4.459756792212655,-0.5302708101964215,0.1571721126395052,0.017463568071056135,0.9709385987078657,True,0.760499119758606,conv2d,-0.49648893727826154,1.3123134243504841,-0.11890128428580383,clip_model.visual.layer3.5.conv3,256,0.20666968383789064,20.526430086232722,256,48,16,0,1,0.49937287882865317,0.9333827209257852,0.760499119758606,26.99073483838893,success,0.8720660209655762,0.10465081036090851,,0,0.760499119758606,0.12068960070610046
186,Conv2d,0.05094909546588078,512,1024,2.0,3.506705706324317,4.544327499146397,0.8467510025142423,0.19127037861424884,0.0056304742441401975,0.9533269975655743,True,1.5357885360717773,conv2d,0.857339675741253,1.6194713208480525,0.186331421464077,clip_model.visual.layer4.0.conv1,512,0.12454213201999675,41.63622251432389,512,36,42,0,1,0.5907212498577329,0.8983849984865189,1.5357885360717773,27.11064807191526,success,1.2392693758010864,0.06390970945358276,,0,1.5357885360717773,0.21711371839046478
189,Conv2d,0.023999827867106083,512,512,1.0,5.375344111449467,2.684511147403322,1.0082965359925387,0.1396796797715415,0.0,1.156999512888222,True,2.3746402263641357,conv2d,1.2746748314135663,2.2026999273161283,0.3755978204701609,clip_model.visual.layer4.0.conv2,4608,0.05882140722656254,159.47768667390162,4608,724,174,3,9,0.06260436375764934,1.0044836942109874,2.3746402263641357,67.15867309216834,success,1.5409867763519287,0.0004515108885243535,,25,2.3746402263641357,0.061823852360248566
193,Conv2d,0.040544266779109606,512,2048,4.0,2.516452789694801,6.406381090917435,0.32560619344058406,0.3340390680229759,0.03711545200255287,0.9987953219528601,True,1.124152660369873,conv2d,0.34820382606726535,1.9076923866554412,0.05082529259806415,clip_model.visual.layer4.0.conv3,512,0.297147424721718,80.8523014690727,512,46,15,0,1,0.7971274037637134,0.9696079322859605,1.124152660369873,71.9228840702742,success,1.0602606534957886,0.17152459919452667,under-trained,0,1.124152660369873,0.293800950050354
198,Conv2d,0.03349364434186075,1024,2048,2.0,2.438026957930406,6.218503865616204,1.48913129092004,0.4231078372629056,0.012455131826801224,1.0043015719944515,True,1.7356724739074707,conv2d,1.531146287137955,2.236222949796422,0.2394677760279046,clip_model.visual.layer4.0.downsample.0,1024,0.2437717044105532,172.2752741877921,1024,64,62,0,1,0.6523129832020255,0.9289735543690083,1.7356724739074707,99.25563536762994,success,1.3174492120742798,0.08561348915100098,under-trained,0,1.7356724739074707,0.44097986817359924
202,Conv2d,0.0355826656943411,512,2048,4.0,2.4071455554537033,5.746535381272244,1.1271280647471336,0.3523801877060674,0.03915335418956304,0.9940634611333046,True,1.5708707571029663,conv2d,1.141847064748609,1.9462652569366945,0.1961404550680057,clip_model.visual.layer4.1.conv1,512,0.22432156567478187,88.36194297671318,512,40,29,0,1,0.7504931399698008,0.9526137246263544,1.5708707571029663,56.25029467075457,success,1.2533438205718994,0.17482894659042358,,0,1.5708707571029663,0.3455595374107361
205,Conv2d,0.022275702364676353,512,512,1.0,4.988001305449991,2.9524424409170797,1.4807040515249006,0.16227832604024037,0.0,1.1668054268347872,True,3.1733527183532715,conv2d,1.5812755773157379,2.267659353476703,0.501518346642168,clip_model.visual.layer4.1.conv2,4608,0.051137815567016597,185.20783432791768,4608,604,149,0,9,0.07944375624166554,1.004677838082747,3.1733527183532715,58.3634568123352,success,1.78139066696167,0.0005009232554584742,,21,3.1733527183532715,0.08219733834266663
209,Conv2d,0.028659106484071217,512,2048,4.0,2.4863210100386315,4.585497174029404,1.7276080402234142,0.3262738395362104,0.03625264883735671,0.9876586384431659,True,2.380974769592285,conv2d,1.7391825559461485,1.9181555612075434,0.3767547933532618,clip_model.visual.layer4.1.conv3,512,0.13703372404575337,82.82387798512354,512,75,27,0,1,0.41401755172090376,0.9467974240391671,2.380974769592285,34.78570165584165,success,1.5430407524108887,0.08742224425077438,,0,2.380974769592285,0.2641564905643463
214,Conv2d,0.04408208819788717,512,2048,4.0,2.4096141060884455,5.9630536766637725,1.967727731429136,0.3566480734541186,0.039627563717124295,0.9934132714230819,True,2.1378960609436035,conv2d,1.9689521350518309,1.9453749671251543,0.32998658709543033,clip_model.visual.layer4.2.conv1,512,0.1668219891366958,88.18098935484886,512,55,21,0,1,0.6692180212408807,0.9593480100882983,2.1378960609436035,41.24662137032443,success,1.4621546268463135,0.1676264852285385,,0,2.1378960609436035,0.3145093619823456
217,Conv2d,0.022841302741260172,512,512,1.0,5.346509515486015,2.2470704788736273,1.683604303936721,0.13856332756673206,0.0,1.1223397422026542,True,5.61363410949707,conv2d,1.8765102542601828,2.2073717822176477,0.7492441023837619,clip_model.visual.layer4.2.conv2,4608,0.0246833557128906,161.20250351307348,4608,985,201,2,9,0.03973496943778137,0.9950949003446206,5.61363410949707,28.716246974549563,success,2.3693108558654785,0.000723790843039751,,26,5.61363410949707,0.03862269967794418
221,Conv2d,0.04997737383642009,512,2048,4.0,2.5185734633833787,4.259562426988884,2.752334540155975,0.3130644190200244,0.03478493544666937,0.9760290922673763,True,4.427456378936768,conv2d,2.7537103470644277,1.9069607146529253,0.6461542910410214,clip_model.visual.layer4.2.conv3,512,0.07070976927280428,80.7162012802437,512,103,24,0,1,0.32117422933164086,0.9394641665292706,4.427456378936768,18.230829255426183,success,2.104152202606201,0.06174353137612343,,0,4.427456378936768,0.22156614065170288
226,Linear,0.049064130638380665,2048,2048,1.0,0.9829364881835924,4.74190263010562,5.304472276500248,4.257105271262366,0.0,1.0305616777837325,True,13.141288757324219,dense,5.790062244584466,3.3262790381502154,1.1186379582792272,clip_model.visual.attnpool.k_proj,2048,0.323948841691017,2119.7226388657264,2048,103,61,8,1,0.36870062174830404,1.0140343254124482,13.141288757324219,161.30249308191418,success,3.625091552734375,4.404508581501432e-05,,9,13.141288757324219,3.763493776321411
227,Linear,0.03810625967939196,2048,2048,1.0,1.0140512421968384,4.432582398706298,5.287244806188867,4.000197197157922,0.0,1.0251364796048654,True,15.588834762573242,dense,5.679905584544794,3.2992101495260395,1.1928136536687985,clip_model.visual.attnpool.q_proj,2048,0.2566065557870864,1991.6368333600183,2048,91,68,8,1,0.3598324079362363,1.0140762378916433,15.588834762573242,127.76046854648035,success,3.948269844055176,4.633241132978583e-06,,8,15.588834762573242,3.765418767929077
228,Linear,0.03299611587893991,2048,2048,1.0,1.6623452819812905,8.085289518836433,3.8103679106204593,1.47985263960198,0.0,1.0425865762810491,True,2.9598634243011475,dense,4.07775342830641,2.869887482017973,0.4712716720586668,clip_model.visual.attnpool.v_proj,2048,0.4999732850685121,741.1182058694391,2048,57,24,1,1,0.938469522687267,1.0111148183486334,2.9598634243011475,250.38932532653067,success,1.7204253673553467,0.00032716887653805315,under-trained,2,2.9598634243011475,1.358597993850708
229,Linear,0.030046591334951522,1024,2048,2.0,1.6951815205285818,3.2466807748498008,2.1400892647504484,0.011405181884765624,0.00033573720780580567,0.9431977621683636,True,4.56207275390625,dense,2.961040354071854,2.5518675378235396,0.6591622069310015,clip_model.visual.attnpool.c_proj,1024,0.0025,356.34243047232303,1024,153,602,0,1,0.18163337532843646,0.10604901271153114,4.56207275390625,78.10976494559557,success,2.1359009742736816,0.006498777773231268,,0,4.56207275390625,0.7364044785499573
234,NonDynamicallyQuantizableLinear,0.04350952337927072,512,512,1.0,3.7324967711976926,4.120146194824617,-1.8931730062871668,0.2885930621713156,0.0,0.9755585548839575,True,0.34714290499687195,dense,-0.9041412742349703,1.5652710795556535,-0.4594917065479891,clip_model.transformer.resblocks.0.attn.out_proj,512,0.8313379245758057,36.751162370192674,512,89,4,0,1,0.33073483518240054,1.0025646516610787,0.34714290499687195,105.86753132841311,success,0.5891883373260498,0.0002844936097972095,,2,0.34714290499687195,0.118504099547863
237,Linear,0.03796171776632462,512,2048,4.0,1.3257454400944098,4.065395500262419,4.296587870082847,0.31541426756111746,0.03504602972901306,0.9651845704769003,True,11.399042129516602,dense,4.327347889775063,2.464349676903952,1.0568683587625127,clip_model.transformer.resblocks.0.mlp.c_fc,512,0.027670243164062525,291.30616572056897,512,78,304,0,1,0.34708769255173205,0.49637460013195794,11.399042129516602,25.555319684823587,success,3.376246690750122,0.056204915046691895,,0,11.399042129516602,0.967692494392395
239,Linear,0.03306592074404335,512,2048,4.0,2.17670435770604,6.098750207479903,0.08586655134933684,0.4572768136879973,0.050808534854221925,0.9961199911297531,True,1.0329501628875732,dense,0.4018253727937605,2.033671067556864,0.014079368465365989,clip_model.transformer.resblocks.0.mlp.c_proj,512,0.4426901026954652,108.06151887975284,512,47,20,0,1,0.7437291556639443,0.9812909151277986,1.0329501628875732,104.61445552965588,success,1.0163415670394897,0.021358994767069817,under-trained,0,1.0329501628875732,0.40489357709884644
243,NonDynamicallyQuantizableLinear,0.06652738423669291,512,512,1.0,3.8352896451402487,4.880776379303411,-1.350283516518349,0.27936168351181623,0.0,0.924428164886639,True,0.5288671255111694,dense,-0.707778164139726,1.5416736251692968,-0.27665342797595305,clip_model.transformer.resblocks.1.attn.out_proj,512,0.5282265999078747,34.8075635855501,512,31,14,0,1,0.6970080137031631,1.0135649686943005,0.5288671255111694,65.81532847576283,success,0.7272325158119202,0.00011123571312054992,,3,0.5288671255111694,0.2343612164258957
246,Linear,0.048010339054420204,512,2048,4.0,1.3246786413594691,4.056482151031167,5.034116646228959,1.0886430740356445,0.12096034155951609,0.9675574415471156,True,17.418289184570312,dense,5.063925813168041,2.4650488930515073,1.241005496585083,clip_model.transformer.resblocks.1.mlp.c_fc,512,0.0625,291.7755477624014,512,118,25,0,1,0.2813719888298562,0.9214293293947697,17.418289184570312,16.751102514755907,success,4.173522472381592,0.08337246626615524,,0,17.418289184570312,0.7314369678497314
248,Linear,0.035909658337749784,512,2048,4.0,2.025299970552091,5.427211593767837,1.4049193358536212,0.5164138451583534,0.05737931612870595,0.9930294176505395,True,1.8149546384811401,dense,1.476494289447102,2.096291248188169,0.2588657751002218,clip_model.transformer.resblocks.1.mlp.c_proj,512,0.28453264572525,124.82203197955096,512,51,26,0,1,0.6199336222531006,0.9702799026862452,1.8149546384811401,68.77418825409836,success,1.3472025394439697,0.015409446321427822,,0,1.8149546384811401,0.4639238715171814
252,NonDynamicallyQuantizableLinear,0.08517349165413057,512,512,1.0,3.450492273849456,4.719939461181399,-1.1055180914580518,0.3444652170606837,0.0,0.9327950399194703,True,0.5831456780433655,dense,-0.40163727808402455,1.6335078423857556,-0.23422293877924888,clip_model.transformer.resblocks.2.attn.out_proj,512,0.5907018263711931,43.00389991016969,512,45,12,0,1,0.5545358338257032,1.0125669571622495,0.5831456780433655,73.74469455807528,success,0.7636397480964661,0.00033338708453811705,,1,0.5831456780433655,0.24058747291564941
255,Linear,0.044669613732123636,512,2048,4.0,1.3753772453660664,5.3534248787467975,4.86803615028216,1.1171369912804687,0.12412633236449652,0.9925496364454194,True,8.11579704284668,dense,4.869513408300421,2.432426291028825,0.9093311778051393,clip_model.transformer.resblocks.2.mlp.c_fc,512,0.13764969544982905,270.66137952543795,512,65,15,0,1,0.539975899389416,0.9691339154558579,8.11579704284668,33.349944324199285,success,2.8488237857818604,0.14308148622512817,,0,8.11579704284668,0.8790990710258484
257,Linear,0.06633089933250497,512,2048,4.0,1.9435917397024267,4.664302521443793,0.17514959012104436,0.548500055702018,0.06094445063355756,0.9924371886686547,True,1.0903127193450928,dense,1.1212788829001736,2.1320598717037496,0.03755107849797624,clip_model.transformer.resblocks.2.mlp.c_proj,512,0.5030667311956886,135.53762512252433,512,79,32,0,1,0.41226624322091343,0.9596262594232224,1.0903127193450928,124.31078049234935,success,1.0441803932189941,0.01633371040225029,,0,1.0903127193450928,0.44158899784088135
261,NonDynamicallyQuantizableLinear,0.09603589442027682,512,512,1.0,3.275956919123324,4.348633766599927,-1.401167721618315,0.38151636048274834,0.0,0.9399643876246896,True,0.4762020707130432,dense,-0.22980416938552747,1.6785935972105697,-0.32220872044459337,clip_model.transformer.resblocks.3.attn.out_proj,512,0.8011648498535152,47.708262176021506,512,67,9,0,1,0.40910072661827457,1.0117303295873863,0.4762020707130432,100.18491121759578,success,0.6900739669799805,0.00046964085777290165,,1,0.4762020707130432,0.2190357893705368
264,Linear,0.03168415912348288,512,2048,4.0,1.3925741322365643,5.335783471603223,4.949777207789508,1.079001388835986,0.11988904320399843,0.9913769084608965,True,8.46558666229248,dense,4.950524885609818,2.4216333136228023,0.9276570599485491,clip_model.transformer.resblocks.3.mlp.c_fc,512,0.127457367324829,264.0178642962128,512,75,18,0,1,0.5006531508956101,0.9643575089677162,8.46558666229248,31.18719054312023,success,2.9095680713653564,0.14741671085357666,,0,8.46558666229248,0.8319453597068787
266,Linear,0.0810739264528772,512,2048,4.0,1.9604319384176696,5.614205008811604,0.007613810083227456,0.5493126600265509,0.06103474000295009,0.9943137204330234,True,1.0031275749206543,dense,0.8001589747302366,2.1245664225442216,0.0013561688736477263,clip_model.transformer.resblocks.3.mlp.c_proj,512,0.5476000000000005,133.21907767330413,512,62,29,0,1,0.5860046221239888,0.9686576537018443,1.0031275749206543,132.80372407651294,success,1.0015625953674316,0.017678676173090935,,0,1.0031275749206543,0.4752177298069
270,NonDynamicallyQuantizableLinear,0.09634346672984428,512,512,1.0,3.2646875521566825,5.7873109779840135,-1.9269669034774357,0.3831206406579282,0.0,0.9439023680693704,True,0.4645536541938782,dense,-0.980580871920317,1.6815867143278338,-0.3329641193998334,clip_model.transformer.resblocks.4.attn.out_proj,512,0.8247069788370139,48.0381987151855,512,41,4,0,1,0.7476523647623852,1.010367580869258,0.4645536541938782,103.40721309908608,success,0.6815817356109619,0.0006716947536915541,,2,0.4645536541938782,0.26274701952934265
273,Linear,0.051406449085831585,512,2048,4.0,1.4089169392010896,5.537565011610217,5.515071687730219,1.069190947020942,0.11879899411343801,0.9886369480226345,True,9.906906127929688,dense,5.515236900836238,2.411499179739263,0.9959380478905734,clip_model.transformer.resblocks.4.mlp.c_fc,512,0.10792379913711547,257.928409287706,512,78,13,0,1,0.5137780653584304,0.9712292827673747,9.906906127929688,26.035212805797226,success,3.147523880004883,0.1261143535375595,,0,9.906906127929688,0.8062957525253296
275,Linear,0.08253014463854474,512,2048,4.0,1.9005933091796967,5.6308647486354415,-0.24984076399634145,0.5890868565149748,0.06545409516833055,0.9955513388637458,True,0.9028801918029785,dense,0.8659414044701799,2.151491568880709,-0.044369874814856235,clip_model.transformer.resblocks.4.mlp.c_proj,512,0.6524529631540772,141.73971947201062,512,72,26,0,1,0.545752644419643,0.9724955069459064,0.9028801918029785,156.98618793371455,success,0.950200080871582,0.016437480226159096,,0,0.9028801918029785,0.4826715290546417
279,NonDynamicallyQuantizableLinear,0.09405782835822019,512,512,1.0,3.2305661884954393,10.864218819245618,-3.121817692130423,0.3928537596395553,0.0,0.9376943564632851,True,0.5160020589828491,dense,-2.67881623181388,1.6907126742142538,-0.2873485654210335,clip_model.transformer.resblocks.5.attn.out_proj,512,0.7613414574623102,49.05832028066021,512,12,6,0,1,2.847554695318415,1.0124278996579692,0.5160020589828491,95.0738847386863,success,0.718332827091217,0.00041193797369487584,under-trained,1,0.5160020589828491,0.38162195682525635
282,Linear,0.05511919761441597,512,2048,4.0,1.4174019799547803,5.68844833801549,5.415564365668795,1.0550168009652703,0.11722408899614115,0.990359532455698,True,8.954233169555664,dense,5.415760935278502,2.406283890800671,0.9520283992871954,clip_model.transformer.resblocks.5.mlp.c_fc,512,0.11782324415588379,254.84956157766283,512,67,14,0,1,0.5727851283485952,0.9705802816181748,8.954233169555664,28.461349704869168,success,2.9923624992370605,0.14707906544208527,,0,8.954233169555664,0.8278594613075256
284,Linear,0.05530570047344552,512,2048,4.0,1.8037479206148703,9.326190816941518,0.9673715928724224,0.6630161811219293,0.07366846456910327,0.9966872424178524,True,1.2697737216949463,dense,1.105427826354269,2.1969182740933206,0.10372633499146734,clip_model.transformer.resblocks.5.mlp.c_proj,512,0.5221530181274409,157.36866988931433,512,15,20,0,1,2.1498132247573083,0.979144183097455,1.2697737216949463,123.93442012585687,success,1.1268423795700073,0.017515745013952255,under-trained,0,1.2697737216949463,0.7416107058525085
288,NonDynamicallyQuantizableLinear,0.06626109446045159,512,512,1.0,3.147913688706563,5.920709333590113,-0.25459921312734335,0.41160024098723935,0.0,0.9404642692991386,True,0.9057295322418213,dense,-0.14194612139166088,1.7132243287430393,-0.043001471408656906,clip_model.transformer.resblocks.6.attn.out_proj,512,0.45444056568241165,51.66831858321876,512,27,5,0,1,0.946990952784052,1.0097889887879858,0.9057295322418213,57.04607914829899,success,0.9516982436180115,0.0005201982567086816,,1,0.9057295322418213,0.3197137713432312
291,Linear,0.0646898677529848,512,2048,4.0,1.4181528257351137,5.430518161372846,5.4759274273739456,1.0726464914113276,0.11918294349014753,0.9876365663742895,True,10.194404602050781,dense,5.476125204116388,2.405823891669459,1.0083618661519438,clip_model.transformer.resblocks.6.mlp.c_fc,512,0.10521914062499994,254.5797711033374,512,79,11,0,1,0.49847223781936023,0.9791744751176976,10.194404602050781,24.97250021370785,success,3.1928677558898926,0.1321466863155365,,0,10.194404602050781,0.7875089645385742
293,Linear,0.03573365902726877,512,2048,4.0,1.7392550529517006,8.475181526878064,1.1218681753700388,0.7237861528224705,0.08042068364694116,0.9988979882433359,True,1.3563475608825684,dense,1.2884323801473914,2.228543413454213,0.13237099073478992,clip_model.transformer.resblocks.6.mlp.c_proj,512,0.5336288232431418,169.25574293904356,512,27,13,0,1,1.4385993555947894,0.986454707715412,1.3563475608825684,124.78788462516917,success,1.1646233797073364,0.021983204409480095,under-trained,0,1.3563475608825684,0.6929020881652832
297,NonDynamicallyQuantizableLinear,0.07690032327127094,512,512,1.0,3.2210253746466715,9.94269713503408,-3.1369479549985995,0.39157291089030316,0.0,0.9491196559530986,True,0.4836122393608093,dense,-2.8689691950932255,1.6932816687250711,-0.31550271645560357,clip_model.transformer.resblocks.7.attn.out_proj,512,0.8096836246490482,49.349376356489074,512,21,1,0,1,1.9514565018265906,1.0077909875706457,0.4836122393608093,102.04327421844035,success,0.695422351360321,9.457705891691148e-05,under-trained,2,0.4836122393608093,0.3057113587856293
300,Linear,0.06652382176490834,512,2048,4.0,1.4363491668116932,5.540461681665117,5.206990633244517,1.0338112346783392,0.11486791496425988,0.989469892036502,True,8.705860137939453,dense,5.207295826184949,2.3947499073657625,0.9398116858159771,clip_model.transformer.resblocks.7.mlp.c_fc,512,0.11874889078140266,248.17035809718072,512,84,12,0,1,0.49540498443516395,0.9736197868558378,8.705860137939453,28.50612738604355,success,2.9505693912506104,0.10272016376256943,,0,8.705860137939453,0.7642126083374023
302,Linear,0.05089106884439121,512,2048,4.0,1.6314346426349948,9.121514273512616,2.218586592175675,0.8314200029736091,0.092380000330401,0.9986258172881011,True,1.7507562637329102,dense,2.2511853815234426,2.284130600819398,0.24322568881113163,clip_model.transformer.resblocks.7.mlp.c_proj,512,0.47489191967868793,192.3670127056539,512,33,10,0,1,1.4137741675438185,0.9917190494696392,1.7507562637329102,109.87652404309821,success,1.3231614828109741,0.023214470595121384,under-trained,0,1.7507562637329102,0.7648197412490845
306,NonDynamicallyQuantizableLinear,0.05038249911677051,512,512,1.0,3.1233303375161006,9.69622458472846,-1.7638636293215144,0.41567466405433856,0.0,0.9489400885433964,True,0.65779048204422,dense,-1.732894414421319,1.7200341217671447,-0.18191241486914372,clip_model.transformer.resblocks.8.attn.out_proj,512,0.6319256289062493,52.48486950851071,512,19,1,0,1,1.9950507450087007,1.0068498302268916,0.65779048204422,79.78964570208302,success,0.811042845249176,0.0005553438095375896,under-trained,1,0.65779048204422,0.32627829909324646
309,Linear,0.07281955211095342,512,2048,4.0,1.4458156506056088,5.438263798529565,4.862485901046942,1.007104672702091,0.1119005191891212,0.9903072705909476,True,7.836545944213867,dense,4.863119460762983,2.3890441178370585,0.8941246841246823,clip_model.transformer.resblocks.8.mlp.c_fc,512,0.12851384779357913,244.93120427522808,512,92,14,0,1,0.46272098769055964,0.9672950559463236,7.836545944213867,31.254994996370005,success,2.7993831634521484,0.09369346499443054,,0,7.836545944213867,0.7410981059074402
311,Linear,0.060106590694273515,512,2048,4.0,1.553053228090391,8.812480700459094,2.729386672823374,0.9071970101005208,0.10079966778894676,0.997068676149366,True,2.0404140949249268,dense,2.764327402793141,2.3268972796928367,0.30971831492138013,clip_model.transformer.resblocks.8.mlp.c_proj,512,0.44461416550540905,212.27423268323764,512,31,13,0,1,1.4031629557843057,0.9861566023854258,2.0404140949249268,104.03487861175938,success,1.4284306764602661,0.02385283075273037,under-trained,0,2.0404140949249268,0.8643600940704346
315,NonDynamicallyQuantizableLinear,0.0531001898973128,512,512,1.0,2.7888404188913665,8.808649866361856,-0.5008265850383348,0.5214674753995545,0.0,0.9491402257552353,True,0.877291202545166,dense,-0.47081768169568716,1.818422632822164,-0.056856225714098665,clip_model.transformer.resblocks.9.attn.out_proj,512,0.5944063657388694,65.82981472959335,512,23,1,1,1,1.6282160514612978,1.006948551397754,0.877291202545166,75.0375867655007,success,0.9366382360458374,1.252321271749679e-05,under-trained,1,0.877291202545166,0.39400073885917664
318,Linear,0.06080482180266522,512,2048,4.0,1.4768431208823094,5.388771526544848,4.540003933214403,0.9512677819904888,0.10569642022116542,0.9886400566897331,True,6.958142280578613,dense,4.541393883057333,2.3706012321714187,0.8424933049862193,clip_model.transformer.resblocks.9.mlp.c_fc,512,0.13671289600467681,234.7476385543123,512,70,25,0,1,0.5245585288358582,0.9602725166916528,6.958142280578613,33.7371138859195,success,2.637829065322876,0.10824234038591385,,0,6.958142280578613,0.7873389720916748
320,Linear,0.03527517270528574,512,2048,4.0,1.4531708871988784,8.607644480135804,3.441185181034283,1.0269479465801001,0.11410532739778889,0.9980640158637054,True,2.5106284618377686,dense,3.4591321145829586,2.3846365837168677,0.39978244791308937,clip_model.transformer.resblocks.9.mlp.c_proj,512,0.4090401914062501,242.4580364592839,512,30,15,0,1,1.3889594970833474,0.9817471405255047,2.5106284618377686,96.57264710597829,success,1.584496259689331,0.03646460175514221,under-trained,0,2.5106284618377686,0.9963235259056091
324,NonDynamicallyQuantizableLinear,0.09665205304032864,512,512,1.0,2.5608514746168933,7.622362581090821,-1.9145680045179727,0.6191478815586274,0.0,0.9541443248071442,True,0.5608183741569519,dense,-0.7964900104341304,1.8925011793805007,-0.2511777659681971,clip_model.transformer.resblocks.10.attn.out_proj,512,1.1040078394174568,78.07305603056436,512,45,0,0,1,0.9872035268646692,1.0075151626205563,0.5608183741569519,139.21272844871993,success,0.7488780617713928,4.972195893060416e-05,under-trained,2,0.5608183741569519,0.3853467106819153
327,Linear,0.04252294965881509,512,2048,4.0,1.4849727204000795,5.691681331335312,4.205189570609869,0.9094568202435208,0.10105075780483565,0.9877719495213083,True,5.4806342124938965,dense,4.208964761204269,2.3658330098828824,0.7388308174349775,clip_model.transformer.resblocks.10.mlp.c_fc,512,0.16594006915664664,232.18438549432904,512,37,37,0,1,0.7713076596309758,0.9441005672731309,5.4806342124938965,42.36451047308197,success,2.3410754203796387,0.09001113474369049,,0,5.4806342124938965,0.9636375308036804
329,Linear,0.04889818774716781,512,2048,4.0,1.4252549846236575,6.45350552413785,2.5590808250632793,1.002044336496082,0.11133825961067582,0.99411805750841,True,2.4919607639312744,dense,2.83033731624732,2.401484823853608,0.3965412000488149,clip_model.transformer.resblocks.10.mlp.c_proj,512,0.40211080005741107,252.04891012003645,512,41,34,0,1,0.8516944731849024,0.9511407274675363,2.4919607639312744,101.14481486554725,success,1.5785945653915405,0.03557246923446655,under-trained,0,2.4919607639312744,1.0156642198562622
333,NonDynamicallyQuantizableLinear,0.04442876096487958,512,512,1.0,2.362677328537963,7.089953748644817,0.0017463462489174719,0.7354016919907477,0.0,0.9467774577264061,True,1.0005673170089722,dense,0.3731882929837844,1.9624611330340662,0.0002463127843748305,clip_model.transformer.resblocks.11.attn.out_proj,512,0.7349847226562501,91.71938479151538,512,28,3,0,1,1.150893079628553,1.0130636455176,1.0005673170089722,91.66738032748768,success,1.0002835988998413,0.00011836350313387811,under-trained,3,1.0005673170089722,0.5137329697608948
336,Linear,0.03455507206088593,512,2048,4.0,1.4245870432706496,4.828925670264734,3.837494302544526,1.097334350543341,0.12192603894926009,0.9804018468690593,True,6.232883930206299,dense,3.855457512992225,2.4018919808066164,0.7946890394637498,clip_model.transformer.resblocks.11.mlp.c_fc,512,0.17605563697814935,252.28532018512487,512,59,26,0,1,0.49848366323828686,0.9948720231783078,6.232883930206299,40.476499002729646,success,2.4965744018554688,0.1480591744184494,,0,6.232883930206299,0.9291587471961975
338,Linear,0.025335018626275352,512,2048,4.0,1.3989521436182997,4.859793327244688,2.862568994429174,1.0318581059383178,0.11465090065981311,0.9910054535512903,True,3.8817808628082275,dense,3.0298853650707316,2.4176642448127406,0.5890310146279695,clip_model.transformer.resblocks.11.mlp.c_proj,512,0.26582080297851557,261.61596603656653,512,58,32,0,1,0.5068156933762598,0.9473742780592658,3.8817808628082275,67.39586166317065,success,1.9702235460281372,0.022854052484035492,,0,3.8817808628082275,0.9328383803367615
340,Embedding,0.04393337426996902,512,49408,96.5,0.3056800776434514,5.702330116388287,10.914680421468564,12.19792279730361,8.106458254614024,1.0142578364605876,True,82.04908752441406,embedding,11.001427455189209,3.738735690991479,1.9140737555863652,clip_model.token_embedding,512,0.14866616028696314,5479.433883756399,512,281,78,0,1,0.28051749663773445,0.9689656100299255,82.04908752441406,66.78238660638328,success,9.05809497833252,0.5931918621063232,,0,82.04908752441406,9.84713363647461
343,Linear,0.13058472526015502,34,1024,30.11764705882353,1.6896124090597335,7.290346965915223,-2.273638972644095,0.4917789880620893,0.23531590488540635,0.9963024677522807,True,0.48767468333244324,dense,-1.4752690730724802,1.075904736113254,-0.31186978936312737,classifier,34,1.0084160709381098,11.909807339310646,34,20,0,0,1,1.406564341784599,1.0022470444113227,0.48767468333244324,24.421623156500505,success,0.6983370780944824,0.4888821542263031,under-trained,0,0.48767468333244324,0.3355230689048767
