layer_id,name,D,M,N,Q,W_scale,alpha,alpha_weighted,bulk_max,bulk_min,entropy,has_esd,lambda_max,layer_type,log_alpha_norm,log_norm,log_spectral_norm,longname,matrix_rank,mp_softrank,norm,num_evals,num_pl_spikes,num_spikes,rank_loss,rf,sigma,sigma_mp,spectral_norm,stable_rank,status,sv_max,sv_min,warning,weak_rank_loss,xmax,xmin
3,Conv2d,0.1086579824974856,3,32,10.666666666666666,24.532202064077843,2.014775678604508,-4.048283369767743,0.0007900795569726,0.0002229186867160037,0.7873473377114445,True,0.00978819653391838,conv2d,-3.669875856364019,-1.348109302197098,-2.009297319179325,clip_model.visual.conv1,27,0.0807175820627212,0.04486324649769813,27,19,8,0,9,0.2328055070210505,0.5279184600714397,0.00978819653391838,4.583402707765065,success,0.0989353135228157,0.02972346544265747,,0,0.00978819653391838,0.0005232933326624334
6,Conv2d,0.07351962030292991,32,32,1.0,17.337143043334482,1.7591818720146783,-2.120000008504741,0.013324191084599302,0.0,0.7232518416076551,True,0.0623583123087883,conv2d,-1.1909695463651897,-0.0185625770977838,-1.2051056472500146,clip_model.visual.conv2,288,0.2136714511871338,0.9581586461495983,288,78,18,0,9,0.0859604198421122,1.0006171978679403,0.0623583123087883,15.365371683007574,success,0.24971646070480347,0.0006079906597733498,over-trained,15,0.0623583123087883,0.0015620170161128044
9,Conv2d,0.11452878071092881,32,64,2.0,13.80857540420776,3.5461375525558263,-4.536329850980242,0.006937879167232947,0.00020423209408104278,0.8737158225036642,True,0.05257372930645943,conv2d,-3.9468815110462576,0.17909473610594603,-1.2792312153009262,clip_model.visual.conv3,288,0.13196475233459481,1.5104095958768085,288,33,60,0,9,0.4432256568896957,0.6737543065956658,0.05257372930645943,28.72936000169258,success,0.22928962111473083,0.019327454268932343,,0,0.05257372930645943,0.014880714006721973
15,Conv2d,0.11928276513784597,64,64,1.0,12.437744228527714,2.428231106778332,-3.3056884922240384,0.027112918364011133,0.0,0.8237431067203929,True,0.043515440076589584,conv2d,-2.8160214788322633,-0.38330326937260634,-1.3613566200500071,clip_model.visual.layer1.0.conv1,64,0.6230643265078072,0.41371067829807373,64,23,2,0,1,0.2978067723679714,1.0239995345302149,0.043515440076589584,9.507215773755707,success,0.20860354602336884,0.00029059001826681197,,1,0.043515440076589584,0.006513820495456457
18,Conv2d,0.07693157307764742,64,64,1.0,13.9870539556778,2.5328468388402126,-2.39872246894282,0.020643653135995244,0.0,0.8710954209593658,True,0.11296762526035309,conv2d,-1.8141421239749314,0.4689699830351596,-0.947046000634287,clip_model.visual.layer1.0.conv2,576,0.18273955116271975,2.944218132372754,576,77,29,0,9,0.17468410937856435,1.0048229162861815,0.11296762526035309,26.062494680111254,success,0.3361065685749054,0.0017972473287954926,,8,0.11296762526035309,0.010761143639683723
22,Conv2d,0.08135178350207861,64,256,4.0,7.071715502761092,4.353540618702468,-4.3383923180602935,0.0405188129534929,0.004502090328165877,0.9439955644112378,True,0.1008044108748436,conv2d,-4.216177645759992,0.10713041286590147,-0.9965204641534529,clip_model.visual.layer1.0.conv3,64,0.401954761719704,1.2797655430622399,64,12,3,0,1,0.968083789473107,0.9489905294363681,0.1008044108748436,12.695531197054134,success,0.3174971044063568,0.05490925535559654,,0,0.1008044108748436,0.031100766733288765
27,Conv2d,0.06092989987931907,64,256,4.0,6.331240468596922,3.2522031401260443,-2.490731099446689,0.0049699494968582095,0.0005522166107620232,0.9091076816322519,True,0.171451136469841,conv2d,-2.3600127493336873,0.2032023561965388,-0.7658596318033678,clip_model.visual.layer1.0.downsample.0,64,0.02898755645012855,1.5966229081968777,64,25,50,0,1,0.45044062802520884,0.2975593063436277,0.171451136469841,9.31240784442237,success,0.4140665829181671,0.016366945579648018,,0,0.171451136469841,0.02618728205561638
31,Conv2d,0.10178859779210703,64,256,4.0,6.60697219656675,3.0933724189816987,-3.464012599365487,0.041467931600649495,0.004607547955627721,0.9464709618677646,True,0.07588963955640793,conv2d,-2.745293675313025,0.16617501555206896,-1.1198175098832097,clip_model.visual.layer1.1.conv1,64,0.5464241475257876,1.4661385584622622,64,27,6,0,1,0.4028697098710739,0.8969482914049599,0.07588963955640793,19.319350665415897,success,0.2754807472229004,0.06660781055688858,,0,0.07588963955640793,0.02212369628250599
34,Conv2d,0.07878455248878868,64,64,1.0,14.271883393201051,2.5878657911338934,-2.9798894456506697,0.019954009557275647,0.0,0.8784190012707797,True,0.07055287063121796,conv2d,-2.0616872086667093,0.45145990603739783,-1.151485311123885,clip_model.visual.layer1.1.conv2,576,0.28282349646091476,2.827873030435013,576,77,28,0,9,0.18095410089815755,1.0080135753444708,0.07055287063121796,40.08161546276966,success,0.26561790704727173,0.0017839055508375168,,11,0.07055287063121796,0.010814264416694641
38,Conv2d,0.10901099793225921,64,256,4.0,6.96675197419157,7.061110816350951,-8.546211036455823,0.04516117165578301,0.005017907961753668,0.9614207575778735,True,0.061613935977220535,conv2d,-8.318350996163216,0.12011927530813739,-1.210321047032136,clip_model.visual.layer1.1.conv3,64,0.732970081192016,1.3186188363470137,64,7,2,0,1,2.290884555552614,0.9870103132393635,0.061613935977220535,21.401308250044668,success,0.24822154641151428,0.06529749929904938,under-trained,0,0.061613935977220535,0.03814568743109703
43,Conv2d,0.13093270090764492,64,256,4.0,6.900116830884101,3.401316465631972,-3.8227754214305367,0.038365596658870356,0.004262844073207817,0.9432516001217964,True,0.07517777383327484,conv2d,-3.2708330335458777,0.12846708567496243,-1.1239105387743615,clip_model.visual.layer1.2.conv1,64,0.5103316406250001,1.344209887785837,64,22,7,0,1,0.511962390669259,0.9010235939708289,0.07517777383327484,17.88041623534839,success,0.2741856575012207,0.056644801050424576,,0,0.07517777383327484,0.0243633221834898
46,Conv2d,0.09764749235973813,64,64,1.0,14.348182197126867,3.2595620417571025,-3.8715357007062687,0.019894227576433072,0.0,0.8830503465585693,True,0.0649012103676796,conv2d,-3.0926585144105925,0.44682871776600563,-1.1877472037989727,clip_model.visual.layer1.2.conv2,576,0.3065309177398681,2.797877641676474,576,43,29,0,9,0.3445799809457793,1.0118832990079087,0.0649012103676796,43.10979141723064,success,0.2547571659088135,0.0008603318710811436,,11,0.0649012103676796,0.01804468221962452
50,Conv2d,0.11861912171543992,64,256,4.0,7.160877672525529,6.853512500138464,-7.908707993702157,0.04160896289383246,0.004623218099314718,0.9600552189688929,True,0.07015131413936615,conv2d,-7.846048360928162,0.09624746429139831,-1.1539641889530914,clip_model.visual.layer1.2.conv3,64,0.5931316241798406,1.2480944853741676,64,9,1,0,1,1.9511708333794882,0.9737970203476518,0.07015131413936615,17.79146265021693,success,0.26486092805862427,0.06020229309797287,under-trained,0,0.07015131413936615,0.034120164811611176
56,Conv2d,0.11654117590809687,128,256,2.0,7.038518449097994,6.0645836404385145,-5.97969427975825,0.04487268199027594,0.0013209284262530373,0.9156063361857608,True,0.10327555984258652,conv2d,-5.639001987211284,0.4122474630383529,-0.986002442094421,clip_model.visual.layer2.0.conv1,128,0.43449468643569944,2.5837319939164445,128,8,13,0,1,1.7906007180202623,0.873396766226967,0.10327555984258652,25.017845440437124,success,0.3213651478290558,0.02769646793603897,under-trained,0,0.10327555984258652,0.061643846333026886
59,Conv2d,0.0754006217300163,128,128,1.0,10.397568863340291,4.6985019306037845,-4.231841750529252,0.037963617241016184,0.0,0.9563859015400153,True,0.12569588422775269,conv2d,-3.757306512651707,1.0275888683093013,-0.9006789425721139,clip_model.visual.layer2.0.conv2,1152,0.30202752838134783,10.655868890422452,1152,34,46,1,9,0.6342878482453864,1.0129443882247382,0.12569588422775269,84.77500242660864,success,0.35453614592552185,0.001306974678300321,,13,0.12569588422775269,0.04736403748393059
63,Conv2d,0.0903093442936912,128,512,4.0,4.995209113528288,4.2743636389616935,-3.467294750370761,0.08440069716738029,0.009377855240820033,0.9663448024441964,True,0.15446004271507263,conv2d,-2.9972488476902024,0.7101026221813334,-0.8111838493958877,clip_model.visual.layer2.0.conv3,128,0.5464241475257875,5.129825855605304,128,37,5,0,1,0.5383020663147869,0.9674653768864867,0.15446004271507263,33.21134557154128,success,0.3930140435695648,0.0799349695444107,,0,0.15446004271507263,0.051899995654821396
68,Conv2d,0.06999497312444047,256,512,2.0,4.904478930920174,6.248866776158884,-3.6707489626892684,0.08338618266677354,0.002454660032692914,0.9302109851410822,True,0.25856733322143555,conv2d,-3.4089795346114227,1.027054218922504,-0.5874263437162988,clip_model.visual.layer2.0.downsample.0,256,0.3224931070289614,10.642758780508302,256,16,36,0,1,1.312216694039721,0.829620035971681,0.25856733322143555,41.16049250271652,success,0.5084951519966125,0.03966410458087921,under-trained,0,0.25856733322143555,0.12536318600177765
72,Conv2d,0.09932552560060148,128,512,4.0,4.790707736034621,4.469611294424065,-3.4568849336554774,0.08021924897432335,0.008913249886035928,0.9560256178112713,True,0.16849243640899658,conv2d,-2.8524905125418987,0.7464106158251597,-0.7734195897455366,clip_model.visual.layer2.1.conv1,128,0.4761000000000004,5.577128048520535,128,21,13,0,1,0.7571312566081901,0.9045815253480297,0.16849243640899658,33.10016857363662,success,0.41047829389572144,0.07737407833337784,,0,0.16849243640899658,0.07475026696920395
75,Conv2d,0.06302789429758493,128,128,1.0,10.037365450000362,4.471028921997155,-3.547728337447858,0.04045650749341333,0.0,0.9382871424736682,True,0.16088198125362396,conv2d,-2.910837895011601,1.0582130057942234,-0.7934925940633661,clip_model.visual.layer2.1.conv2,1152,0.2514669895172118,11.434390129160494,1152,30,62,0,9,0.6337202794435605,1.0094479612564689,0.16088198125362396,71.07315586283488,success,0.4011009633541107,0.0005301613127812743,,16,0.16088198125362396,0.06274493038654327
79,Conv2d,0.07291958051435748,128,512,4.0,4.908132896373133,4.297031967573604,-2.793634083484766,0.07869235109673352,0.008743594566303725,0.9538922133595326,True,0.2238045483827591,conv2d,-2.5452311856673795,0.7253773426381283,-0.6501310915455538,clip_model.visual.layer2.1.conv3,128,0.35161193847656236,5.313459108117968,128,17,11,0,1,0.7996477090202347,0.9178914297648898,0.2238045483827591,23.74151529320435,success,0.4730798602104187,0.07218731194734573,,0,0.2238045483827591,0.07404962182044983
84,Conv2d,0.08561858993001378,128,512,4.0,4.8886016038637505,4.318196699570188,-3.2655404972530984,0.07919955715959658,0.008799950795510733,0.9563824799606621,True,0.17529606819152832,conv2d,-2.7804085040043587,0.728840677813414,-0.7562278248182012,clip_model.visual.layer2.2.conv1,128,0.4518045269165034,5.356001350097358,128,23,11,0,1,0.6918918405369971,0.9171803960696179,0.17529606819152832,30.554030135150526,success,0.4186837375164032,0.08163288980722427,,0,0.17529606819152832,0.06786785274744034
87,Conv2d,0.07435288022032449,128,128,1.0,10.097706229548773,2.837750059560607,-2.5341759147030527,0.040080108632180096,0.0,0.9537632587812952,True,0.1279313713312149,conv2d,-1.4794601595356283,1.053007015677382,-0.8930229447675321,clip_model.visual.layer2.2.conv2,1152,0.31329382476806655,11.298141657627772,1152,175,46,0,9,0.13892084655690015,1.0107812589965333,0.1279313713312149,88.31408230884067,success,0.3576749563217163,0.0010659098625183105,,12,0.1279313713312149,0.02001972682774067
91,Conv2d,0.056244732144784426,128,512,4.0,4.9665639123844185,4.355304475821479,-1.9967272565776375,0.07530800227752066,0.008367555808613404,0.939868826924964,True,0.34796959161758423,conv2d,-1.9586614776872138,0.7150979124959621,-0.4584587065410675,clip_model.visual.layer2.2.conv3,128,0.21642121636962908,5.189170165453106,128,16,12,0,1,0.8388261189553698,0.9086263624100078,0.34796959161758423,14.912711600259492,success,0.5898894667625427,0.042714908719062805,,0,0.34796959161758423,0.07669097185134888
96,Conv2d,0.06264989170856572,128,512,4.0,4.944814696572561,5.974169247890872,-4.338966392987448,0.07641583042855693,0.008490647825395214,0.9578444731872732,True,0.18780717253684998,conv2d,-4.186659946297927,0.7189099269276363,-0.7262878256285227,clip_model.visual.layer2.3.conv1,128,0.40688451562499955,5.234918526373804,128,12,12,0,1,1.4359189771322767,0.9112770455548076,0.18780717253684998,27.873900957359076,success,0.4333672523498535,0.07912550121545792,,0,0.18780717253684998,0.08611669391393661
99,Conv2d,0.06778613715504611,128,128,1.0,10.110530982290324,2.726854732299386,-2.285993204496773,0.039928355429660875,0.0,0.9542781673402436,True,0.14510220289230347,conv2d,-1.3472070300727352,1.0519045503734,-0.838325994201069,clip_model.visual.layer2.3.conv2,1152,0.27517401275634773,11.269497469402584,1152,197,48,0,9,0.12303330543399268,1.0101472366116662,0.14510220289230347,77.66592956391527,success,0.3809228241443634,0.0009779873071238399,,13,0.14510220289230347,0.017949867993593216
103,Conv2d,0.050091700285729734,128,512,4.0,4.978331811300322,4.6678111147293215,-2.6230069545904655,0.07616723722663483,0.008463026358514982,0.9520568407862053,True,0.27419838309288025,conv2d,-2.566929985773843,0.713042290761893,-0.5619351105089798,clip_model.visual.layer2.3.conv3,128,0.2777814966211322,5.16466659354046,128,20,10,0,1,0.8201474981164043,0.9159603657816461,0.27419838309288025,18.835510754237426,success,0.5236395597457886,0.07069262862205505,,0,0.27419838309288025,0.06913962960243225
109,Conv2d,0.04729711679729964,256,512,2.0,4.995433228625721,4.295231092947883,-1.595304400777149,0.0871306492847175,0.0025648868383442804,0.9313939176407525,True,0.4251939356327057,conv2d,-1.5105587075698528,1.0110936485991702,-0.37141293826923455,clip_model.visual.layer3.0.conv1,256,0.20491978361606591,10.258731153910048,256,27,26,0,1,0.634167519518495,0.863769661357553,0.4251939356327057,24.12718125587714,success,0.6520689725875854,0.041126593947410583,,0,0.4251939356327057,0.09353411942720413
112,Conv2d,0.02749854889449116,256,256,1.0,7.373464072855195,3.9334503089134913,-0.4260452790717608,0.0749900376455808,0.0,1.0311876649387344,True,0.7792676091194153,conv2d,-0.3779237125316184,1.6271393377634618,-0.10831337518267625,clip_model.visual.layer3.0.conv2,2304,0.09623143162631992,42.37789082184799,2304,89,84,0,9,0.3109451108552303,1.0095860908704166,0.7792676091194153,54.38169163701758,success,0.8827613592147827,0.001073735416866839,,15,0.7792676091194153,0.07836703956127167
116,Conv2d,0.04117259246003113,256,1024,4.0,3.5505224301580665,5.861025152104481,-2.3412738294021618,0.1608512524784524,0.017872361386494708,0.9743211482556197,True,0.39859798550605774,conv2d,-2.1731737531567896,1.3076554440796226,-0.39946490053220396,clip_model.visual.layer3.0.conv3,256,0.4035425625,20.307452406734228,256,27,15,0,1,0.9355047267016878,0.9493212994163971,0.39859798550605774,50.94720280874476,success,0.6313461661338806,0.10321755707263947,,0,0.39859798550605774,0.15139923989772797
121,Conv2d,0.06390440575526124,512,1024,2.0,3.4267124181453976,5.207799663086021,-0.28245426453421435,0.1845031847504082,0.005431266656266367,0.9585286067604626,True,0.8825985789299011,conv2d,-0.09885542119056216,1.6395146441226494,-0.05423677614488697,clip_model.visual.layer3.0.downsample.0,512,0.209045413345337,43.60282663372345,512,37,55,0,1,0.6917580033951656,0.862221611945686,0.8825985789299011,49.40278363759583,success,0.939467191696167,0.06135394051671028,,0,0.8825985789299011,0.2291926145553589
125,Conv2d,0.07561760954135377,256,1024,4.0,3.4568485096527675,4.175412360680941,-1.4779940750558678,0.1471383956601117,0.016348710628901295,0.9653343923993257,True,0.44261324405670166,conv2d,-0.9753237583980513,1.3308792697870246,-0.3539755950750769,clip_model.visual.layer3.1.conv1,256,0.33243107303237923,21.42294978350401,256,47,32,0,1,0.46318149699303474,0.8839996577753083,0.44261324405670166,48.40105909880905,success,0.6652918457984924,0.10901138931512833,,0,0.44261324405670166,0.13703562319278717
128,Conv2d,0.03839954969642112,256,256,1.0,7.004686302771318,4.039522087481705,-1.6940836823400702,0.08331772023199836,0.0,1.0307911274848622,True,0.38073495030403137,conv2d,-1.0763368190605302,1.6717050934450528,-0.4193772544504604,clip_model.visual.layer3.1.conv2,2304,0.21883391625976545,46.95751365258325,2304,58,88,0,9,0.3991088029055603,1.0109446634249608,0.38073495030403137,123.33386681492173,success,0.6170372366905212,0.0006647477275691926,,14,0.38073495030403137,0.10626362264156342
132,Conv2d,0.0656582991493323,256,1024,4.0,3.486238917879701,3.1875713436730284,-0.7167264817669643,0.1419522419882855,0.01577247133203172,0.9599248756296149,True,0.5958674550056458,conv2d,-0.23193232288336732,1.3235256718457988,-0.22485033415474323,clip_model.visual.layer3.1.conv3,256,0.2382278823852538,21.063264036551118,256,79,31,0,1,0.24612100511790092,0.8756630326702104,0.5958674550056458,35.348908317792834,success,0.7719244956970215,0.09074667096138,,0,0.5958674550056458,0.09424801915884018
137,Conv2d,0.07888544094310534,256,1024,4.0,3.4506546747305307,4.056194464870097,-1.4546542538128713,0.1629742967908531,0.018108255198983677,0.969504141318613,True,0.4378996789455414,conv2d,-0.9611033204976891,1.332436966672678,-0.35862537321899773,clip_model.visual.layer3.2.conv1,256,0.37217267932987247,21.49992607627064,256,56,22,0,1,0.40840116410352967,0.9286879236536318,0.4378996789455414,49.09783475530806,success,0.6617398858070374,0.10218709707260132,,0,0.4378996789455414,0.12315180897712708
140,Conv2d,0.04917847667872649,256,256,1.0,7.021754546276362,5.624882299312491,-2.727405474826522,0.08293205310613347,0.0,1.0376832392735271,True,0.32742947340011597,conv2d,-2.4331878688407,1.6695911865149724,-0.48488223036415945,clip_model.visual.layer3.2.conv2,2304,0.2532821869850159,46.72950563432243,2304,31,89,0,9,0.8306533822063051,1.0110598324613134,0.32742947340011597,142.71624710222522,success,0.5722145438194275,0.0007730564102530479,,18,0.32742947340011597,0.12881921231746674
144,Conv2d,0.057579921555678815,256,1024,4.0,3.47290281724586,4.20124876093126,-1.0401303967172806,0.157113000666565,0.017457000074062777,0.9632956750840707,True,0.5654881596565247,conv2d,-0.7733020189559346,1.3268547042039336,-0.24757648401822377,clip_model.visual.layer3.2.conv3,256,0.2778360571899416,21.22534236777574,256,36,24,0,1,0.53354146015521,0.917714160701073,0.5654881596565247,37.53454781558632,success,0.751989483833313,0.08312344551086426,,0,0.5654881596565247,0.14745862782001495
149,Conv2d,0.07380814443186023,256,1024,4.0,3.4454198593893453,5.244766433226247,-1.8633363108383207,0.16854052014318405,0.01872672446035378,0.9760726359951888,True,0.44129055738449097,conv2d,-1.6464653304303853,1.3337556599912557,-0.35527536536877097,clip_model.visual.layer3.3.conv1,256,0.381926414066315,21.565307741053402,256,31,16,0,1,0.7623825572727162,0.9429812524486938,0.44129055738449097,48.86872691967397,success,0.6642970442771912,0.11601538211107254,,0,0.44129055738449097,0.1527378261089325
152,Conv2d,0.0564714636607635,256,256,1.0,7.080990112103452,3.6568774775015265,-1.4576623415436292,0.08128663820506898,0.0,1.030781868431103,True,0.3993847966194153,conv2d,-0.8325224377103599,1.6622944988747952,-0.39860847143819045,clip_model.visual.layer3.3.conv2,2304,0.20352962579727152,45.950950461383265,2304,105,94,0,9,0.25928469241090546,1.0094238775969986,0.3993847966194153,115.05433068643117,success,0.6319689750671387,0.0004722070589195937,,15,0.3993847966194153,0.08249440789222717
156,Conv2d,0.03809864327794671,256,1024,4.0,3.4591990924078266,4.050804999913495,-0.9468916411688771,0.16123139250063342,0.01791459916673705,0.9681386729428124,True,0.5837757587432861,conv2d,-0.6569597146783431,1.3302888486576026,-0.2337539430283852,clip_model.visual.layer3.3.conv3,256,0.2761872004547118,21.39384518098086,256,46,18,0,1,0.44981665703438656,0.925995980858615,0.5837757587432861,36.64736820699119,success,0.7640522122383118,0.09871812909841537,,0,0.5837757587432861,0.12788447737693787
161,Conv2d,0.0567768462346151,256,1024,4.0,3.466440649655595,4.767339746163927,-1.3129335878992416,0.16342048709018864,0.018157831898909852,0.9742057367732646,True,0.5303936004638672,conv2d,-1.1836872986718272,1.3284724275809268,-0.27540172461081736,clip_model.visual.layer3.4.conv1,256,0.30811172485351584,21.304553052410483,256,41,18,0,1,0.5883596204708867,0.9342126853372349,0.5303936004638672,40.16743986688023,success,0.7282812595367432,0.12159101665019989,,0,0.5303936004638672,0.13740931451320648
164,Conv2d,0.04977022326909619,256,256,1.0,7.215600176561935,2.846593063270401,-0.8317650057405476,0.077809844679853,0.0,1.0230882393584313,True,0.5102738738059998,conv2d,-0.12705512371812439,1.645937553711012,-0.2921966671221166,clip_model.visual.layer3.4.conv2,2304,0.1524864365472793,44.25247380876239,2304,240,98,1,9,0.11919706968780669,1.0063747668954885,0.5102738738059998,86.72298559731215,success,0.7143345475196838,0.0007858021417632699,,17,0.5102738738059998,0.047918520867824554
168,Conv2d,0.045173194333092914,256,1024,4.0,3.468268980692321,4.528248572815492,-0.4368552447725394,0.16497916053988276,0.018331017837764755,0.9692288968888638,True,0.8008047938346863,conv2d,-0.3972154955931449,1.3280144219016317,-0.09647333571640027,clip_model.visual.layer3.4.conv3,256,0.20601669946289078,21.282097176648676,256,35,14,0,1,0.596382858610966,0.9391523669147966,0.8008047938346863,26.575886333969716,success,0.8948769569396973,0.1034424901008606,,0,0.8008047938346863,0.13967955112457275
173,Conv2d,0.05548450824048912,256,1024,4.0,3.4717462580390763,5.742911624996293,-1.2733038198532567,0.160203785295111,0.017800420588345668,0.9727851080438301,True,0.6001814007759094,conv2d,-1.2468154590974665,1.3271440131557317,-0.22171746720098248,clip_model.visual.layer3.5.conv1,256,0.2669256079711916,21.239486520178616,256,17,18,0,1,1.1503250354605656,0.9263883902301999,0.6001814007759094,35.38844504798114,success,0.7747137546539307,0.12375321239233017,,0,0.6001814007759094,0.18036822974681854
176,Conv2d,0.0419407253792803,256,256,1.0,7.3424855136625276,3.0189061306975615,-0.622373492013599,0.07503268160040237,0.0,1.0061698466523004,True,0.6220730543136597,conv2d,-0.05039106475035446,1.6307962780401186,-0.20615861012869277,clip_model.visual.layer3.5.conv2,2304,0.12061715433597553,42.736236893045955,2304,141,117,0,9,0.17002256764199242,1.0056302684601617,0.6220730543136597,68.69970752904148,success,0.7887160778045654,0.0005154561367817223,,20,0.6220730543136597,0.07122021168470383
180,Conv2d,0.03503796452706398,256,1024,4.0,3.533796471904689,4.4713612484521335,-0.5392200723697399,0.15665348454923117,0.01740594272769235,0.9709557452359221,True,0.7575404644012451,conv2d,-0.5054716818105569,1.311756899686878,-0.1205941641499898,clip_model.visual.layer3.5.conv3,256,0.20679223343276984,20.500143432989717,256,48,15,0,1,0.5010478378120686,0.9324387286872016,0.7575404644012451,27.061450043058613,success,0.8703680038452148,0.1046777293086052,,0,0.7575404644012451,0.12063326686620712
186,Conv2d,0.05077536936628413,512,1024,2.0,3.508817259434188,4.516095771776373,0.8344504166002843,0.1906588872287581,0.005612473618421443,0.9533548113312611,True,1.5302857160568237,conv2d,0.8456097576534551,1.618948459817717,0.1847725244923359,clip_model.visual.layer4.0.conv1,512,0.12459038546085363,41.58612549584359,512,37,42,0,1,0.5780425841486844,0.8974878751024643,1.5302857160568237,27.17539937770639,success,1.2370471954345703,0.06394895166158676,,0,1.5302857160568237,0.214666485786438
189,Conv2d,0.02542999894337028,512,512,1.0,5.379008781522761,2.6840932588979607,1.0025914691061346,0.1394735871151464,0.0,1.1569234114424203,True,2.3633649349212646,conv2d,1.2715542491507217,2.202107963831846,0.37353078764401065,clip_model.visual.layer4.0.conv2,4608,0.059014833068847646,159.26045928315176,4608,724,175,0,9,0.0625888330536584,1.0044266865827751,2.3633649349212646,67.38716350145793,success,1.5373239517211914,0.0006453522946685553,,27,2.3633649349212646,0.0617440827190876
193,Conv2d,0.040479645783505824,512,2048,4.0,2.5174822119181037,6.3062296150617705,0.29665734465963217,0.33868869716345695,0.037632077462606335,0.9988537813416973,True,1.114402174949646,conv2d,0.3226418119772709,1.9073371397980876,0.04704195101794218,clip_model.visual.layer4.0.conv3,512,0.3039196304321288,80.78619245067239,512,50,15,0,1,0.7504141886686123,0.976732195258111,1.114402174949646,72.49285246084763,success,1.0556524991989136,0.16952446103096008,under-trained,0,1.114402174949646,0.28763315081596375
198,Conv2d,0.03815228375165303,1024,2048,2.0,2.439141397105774,6.217308031079659,1.4760692646325595,0.4213555556603895,0.012403549472529082,1.0043291456322663,True,1.7274795770645142,conv2d,1.5181806120327315,2.2358260024224785,0.2374129216782966,clip_model.visual.layer4.0.downsample.0,1024,0.24391348022556314,172.11788564547896,1024,64,63,0,1,0.6521635038849574,0.9274716680649495,1.7274795770645142,99.63526511726226,success,1.3143361806869507,0.08434557914733887,under-trained,0,1.7274795770645142,0.4402362108230591
202,Conv2d,0.031243872714971532,512,2048,4.0,2.408255021470944,5.692051880159818,1.1030374910171872,0.35183451252916154,0.039092723614351274,0.9941082812708677,True,1.5623760223388672,conv2d,1.1191640335247814,1.9458650119560532,0.19378556524790788,clip_model.visual.layer4.1.conv1,512,0.22519195603275288,88.28054628893733,512,46,29,0,1,0.6918053075910265,0.9523145827226656,1.5623760223388672,56.50403297714586,success,1.2499504089355469,0.17475223541259766,,0,1.5623760223388672,0.33379343152046204
205,Conv2d,0.021970584611566535,512,512,1.0,4.991916728484528,2.947595519072256,1.4687559827152188,0.16200559003513915,0.0,1.1668334271336425,True,3.1498475074768066,conv2d,1.5719881102510096,2.2669778061134163,0.49828952894374867,clip_model.visual.layer4.1.conv2,4608,0.05143283592319494,184.91741176408107,4608,608,149,2,9,0.07898542822295163,1.0046211953385769,3.1498475074768066,58.706782256963805,success,1.7747809886932373,0.0007028505206108093,,19,3.1498475074768066,0.08169254660606384
209,Conv2d,0.028449134960808697,512,2048,4.0,2.48632231975406,4.661079343147772,1.756911241568577,0.32647092753640516,0.03627454750404502,0.9876753250981155,True,2.3819479942321777,conv2d,1.7671958431807335,1.9181551036624143,0.3769322751717159,clip_model.visual.layer4.1.conv3,512,0.13706047668838514,82.82379072718322,512,64,27,0,1,0.45763491789347155,0.9470838395726808,2.3819479942321777,34.77145215921539,success,1.5433560609817505,0.08623874932527542,,0,2.3819479942321777,0.27754294872283936
214,Conv2d,0.048535451988742095,512,2048,4.0,2.4114330581539107,6.023166961260215,1.8666888183721595,0.35840874312569976,0.039823193680633306,0.9938297481288642,True,2.041353225708008,conv2d,1.8681356660673016,1.944719540322263,0.3099181593965969,clip_model.visual.layer4.2.conv1,512,0.17557409399414053,88.04800909385085,512,53,21,0,1,0.6899850466071258,0.9624390793193562,2.041353225708008,43.13217721705803,success,1.4287593364715576,0.16820020973682404,under-trained,0,2.041353225708008,0.3171898126602173
217,Conv2d,0.023033285910643686,512,512,1.0,5.354847077405546,2.2447859121039055,1.6395765937181694,0.13814274298553358,0.0,1.122865884706001,True,5.375183582305908,conv2d,1.848652092328356,2.2060183247058234,0.7303933015961824,clip_model.visual.layer4.2.conv2,4608,0.025700097656250007,160.7009058035076,4608,992,203,1,9,0.03952199223131099,0.9951329690462847,5.375183582305908,29.89682181879419,success,2.31844425201416,0.0007909914129413664,,27,5.375183582305908,0.03828485310077667
221,Conv2d,0.04791944900415135,512,2048,4.0,2.511967564734374,4.311459578967477,2.8346170577100898,0.3170480620429921,0.03522756244922134,0.9755460416138731,True,4.544238567352295,conv2d,2.8357379630923143,1.9092419062498325,0.6574611232674327,clip_model.visual.layer4.2.conv3,512,0.06976923797988899,81.14128968771547,512,100,24,0,1,0.33114595789674767,0.9429427370973174,4.544238567352295,17.855860445062973,success,2.1317219734191895,0.06168485805392265,,0,4.544238567352295,0.22531330585479736
226,Linear,0.05191469450656405,2048,2048,1.0,0.9839558478293923,4.720365452495827,4.881896604053853,4.249213781662874,0.0,1.0308553980450044,True,10.819820404052734,dense,5.664700386893285,3.3253787299822988,1.0342200520666507,clip_model.visual.attnpool.k_proj,2048,0.39272498276138335,2115.332928758277,2048,112,61,8,1,0.3515414919135801,1.0141446552664406,10.819820404052734,195.50536420788885,success,3.2893495559692383,1.5415669622598216e-05,,8,10.819820404052734,3.6617798805236816
227,Linear,0.03968785434931088,2048,2048,1.0,1.014570026301087,4.4993536068377775,5.374508071068835,3.9961047531730403,0.0,1.0252251578621026,True,15.649724960327148,dense,5.743684386858753,3.298765896905435,1.1945067093417738,clip_model.visual.attnpool.q_proj,2048,0.2553466443214414,1989.6005710200434,2048,86,68,8,1,0.37734500384477226,1.0140759058922673,15.649724960327148,127.1332611955662,success,3.9559733867645264,4.1463317757006735e-05,,8,15.649724960327148,3.841231346130371
228,Linear,0.03362052998296572,2048,2048,1.0,1.6704320145574911,8.812808638721563,3.9400043147311368,1.4657411015310022,0.0,1.0428953496146272,True,2.7994778156280518,dense,4.1754477713585185,2.865672342613932,0.44707703029197926,clip_model.visual.attnpool.v_proj,2048,0.5235766089477545,733.9599165424498,2048,48,22,1,1,1.127681792673232,1.01117760450484,2.7994778156280518,262.17743625083483,success,1.6731640100479126,0.00030984525801613927,under-trained,3,2.7994778156280518,1.3809658288955688
229,Linear,0.026096162765077646,1024,2048,2.0,1.7058704928005561,3.3118623152516666,2.169173889511111,0.011295645236968996,0.00033251274995364544,0.942615713235979,True,4.518258094787598,dense,2.9729217539082504,2.546407842480933,0.6549710353361342,clip_model.visual.attnpool.c_proj,1024,0.0025000000000000005,351.8907431994776,1024,124,594,0,1,0.20761136468754735,0.10620400428749838,4.518258094787598,77.88194826794637,success,2.125619411468506,0.00528050446882844,,0,4.518258094787598,0.8084456920623779
234,NonDynamicallyQuantizableLinear,0.043509523379270276,512,512,1.0,3.7324967711976926,4.120146194824613,-1.8931730062871652,0.2885930621713156,0.0,0.9755585548839574,True,0.34714290499687195,dense,-0.904141274234968,1.5652710795556535,-0.4594917065479891,clip_model.transformer.resblocks.0.attn.out_proj,512,0.8313379245758057,36.751162370192674,512,89,4,0,1,0.33073483518240016,1.0025646516610787,0.34714290499687195,105.86753132841311,success,0.5891883373260498,0.0002844936097972095,,2,0.34714290499687195,0.118504099547863
237,Linear,0.03795461458668725,512,2048,4.0,1.3257448963846068,4.065436757466642,4.296669288034063,0.3153025216220988,0.035033613513566535,0.965183577569837,True,11.399286270141602,dense,4.3274318129373395,2.464350033126509,1.0568776602274614,clip_model.transformer.resblocks.0.mlp.c_fc,512,0.027659847656249983,291.30640465952456,512,78,304,0,1,0.3470923640102156,0.49628646024569334,11.399286270141602,25.554793322679313,success,3.3762829303741455,0.056205086410045624,,0,11.399286270141602,0.9676939249038696
239,Linear,0.033066318339763145,512,2048,4.0,2.1767044938228604,6.097442075780076,0.08584691125446094,0.45727660259690595,0.050808511399656225,0.9961196552646835,True,1.032949686050415,dense,0.40199518535414824,2.0336710132410065,0.014079167983482339,clip_model.transformer.resblocks.0.mlp.c_proj,512,0.4426901026954644,108.0615053648362,512,47,20,0,1,0.7435383450446708,0.9812907499963177,1.032949686050415,104.61449073867287,success,1.0163413286209106,0.021358873695135117,under-trained,0,1.032949686050415,0.4048774242401123
243,NonDynamicallyQuantizableLinear,0.06652738423669269,512,512,1.0,3.8352896451402487,4.880776379303408,-1.350283516518348,0.27936168351181623,0.0,0.9244281648866389,True,0.5288671255111694,dense,-0.707778164139725,1.5416736251692968,-0.276653427975953,clip_model.transformer.resblocks.1.attn.out_proj,512,0.5282265999078747,34.8075635855501,512,31,14,0,1,0.6970080137031627,1.0135649686943005,0.5288671255111694,65.81532847576283,success,0.7272325158119202,0.00011123571312054992,,3,0.5288671255111694,0.2343612164258957
246,Linear,0.04806571072776622,512,2048,4.0,1.3246763459071063,4.0565817079973,5.03431427530723,1.0886888504028323,0.1209654278225369,0.9675552449322109,True,17.419021606445312,dense,5.0641248190256505,2.4650503981760368,1.2410237578556325,clip_model.transformer.resblocks.1.mlp.c_fc,512,0.06250000000000001,291.7765589640476,512,118,25,0,1,0.28138115379146195,0.9214471050676819,17.419021606445312,16.750456228614222,success,4.173610210418701,0.08337289839982986,,0,17.419021606445312,0.7314450144767761
248,Linear,0.03584024632675159,512,2048,4.0,2.0252976878142617,5.427839837338458,1.4050703543192724,0.5164113012382626,0.05737903347091807,0.9930295754008321,True,1.8149456977844238,dense,1.4766056802054883,2.0962922271848767,0.25886363570525855,clip_model.transformer.resblocks.1.mlp.c_proj,512,0.2845326457252503,124.82231335659162,512,51,26,0,1,0.6200215939490864,0.9702764192119422,1.8149456977844238,68.77468207945128,success,1.3471992015838623,0.015409395098686218,,0,1.8149456977844238,0.46393758058547974
252,NonDynamicallyQuantizableLinear,0.08517349165413057,512,512,1.0,3.450492273849456,4.719939461181399,-1.1055180914580518,0.3444652170606837,0.0,0.9327950399194703,True,0.5831456780433655,dense,-0.4016372780840245,1.6335078423857556,-0.2342229387792489,clip_model.transformer.resblocks.2.attn.out_proj,512,0.5907018263711931,43.00389991016969,512,45,12,0,1,0.5545358338257032,1.0125669571622495,0.5831456780433655,73.74469455807528,success,0.7636397480964661,0.00033338708453811705,,1,0.5831456780433655,0.24058747291564941
255,Linear,0.04468741783753172,512,2048,4.0,1.3753758080440266,5.352456237502586,4.867259949932855,1.1171872688315077,0.12413191875905641,0.9925493475808219,True,8.116162300109863,dense,4.868739189258257,2.432427198738123,0.9093507230997708,clip_model.transformer.resblocks.2.mlp.c_fc,512,0.13764969544982916,270.6619452293962,512,65,15,0,1,0.539855754229778,0.9691547106888022,8.116162300109863,33.34851315451546,success,2.8488879203796387,0.14307942986488342,,0,8.116162300109863,0.8790571093559265
257,Linear,0.06634849988523922,512,2048,4.0,1.9435901600253747,4.664205421392964,0.17520330463244535,0.5485155879909717,0.06094617644344129,0.9924371750793605,True,1.0903435945510864,dense,1.1212948231038589,2.1320605776599355,0.037563376567604286,clip_model.transformer.resblocks.2.mlp.c_proj,512,0.503066731195688,135.5378454423917,512,79,32,0,1,0.4122553186116767,0.9596390665980259,1.0903435945510864,124.30746245470907,success,1.0441951751708984,0.01633390039205551,,0,1.0903435945510864,0.44158583879470825
261,NonDynamicallyQuantizableLinear,0.09603589442027693,512,512,1.0,3.275956919123324,4.348633766599927,-1.4011677216183147,0.38151636048274834,0.0,0.9399643876246894,True,0.4762020707130432,dense,-0.22980416938552747,1.6785935972105697,-0.3222087204445933,clip_model.transformer.resblocks.3.attn.out_proj,512,0.8011648498535152,47.708262176021506,512,67,9,0,1,0.40910072661827457,1.0117303295873863,0.4762020707130432,100.18491121759578,success,0.6900739669799805,0.00046964085777290165,,1,0.4762020707130432,0.2190357893705368
264,Linear,0.031682241319629934,512,2048,4.0,1.3925754302898647,5.33550392346079,4.949473245151454,1.0789806033041671,0.119886733700463,0.9913772030832434,True,8.465423583984375,dense,4.950221421061128,2.4216325039896063,0.9276486937603181,clip_model.transformer.resblocks.3.mlp.c_fc,512,0.127457367324829,264.01737210154533,512,75,18,0,1,0.5006208714565531,0.964349119281461,8.465423583984375,31.187733192824087,success,2.9095401763916016,0.14741846919059753,,0,8.465423583984375,0.831932544708252
266,Linear,0.0809657067927318,512,2048,4.0,1.9604340271644185,5.6150888688967,0.007581971589592903,0.5493052182197571,0.06103391313552856,0.9943137329328424,True,1.0031139850616455,dense,0.8000069923656142,2.1245654971045917,0.0013502852344138719,clip_model.transformer.resblocks.3.mlp.c_proj,512,0.5476000000000001,133.21879379660822,512,62,29,0,1,0.5861168724670464,0.968652124292092,1.0031139850616455,132.8052402623231,success,1.0015558004379272,0.017678668722510338,,0,1.0031139850616455,0.4752400815486908
270,NonDynamicallyQuantizableLinear,0.09634346672984362,512,512,1.0,3.2646875521566825,5.7873109779840055,-1.9269669034774326,0.3831206406579282,0.0,0.9439023680693703,True,0.4645536541938782,dense,-0.9805808719203133,1.6815867143278338,-0.33296411939983334,clip_model.transformer.resblocks.4.attn.out_proj,512,0.8247069788370139,48.0381987151855,512,41,4,0,1,0.747652364762384,1.010367580869258,0.4645536541938782,103.40721309908608,success,0.6815817356109619,0.0006716947536915541,,2,0.4645536541938782,0.26274701952934265
273,Linear,0.05137402000664382,512,2048,4.0,1.408917706247768,5.537487307628894,5.515039673796821,1.069211120155393,0.11880123557282146,0.988636555787437,True,9.907093048095703,dense,5.515204894017992,2.4114987068596494,0.9959462419351919,clip_model.transformer.resblocks.4.mlp.c_fc,512,0.1079237991371154,257.92812844365835,512,78,13,0,1,0.5137692671150791,0.9712389739020225,9.907093048095703,26.034693243669103,success,3.1475534439086914,0.1261170208454132,,0,9.907093048095703,0.8062936663627625
275,Linear,0.08255892138511206,512,2048,4.0,1.9005948521847331,5.6298664271986665,-0.24980696031863237,0.5890843287152141,0.06545381430169045,0.9955511775644266,True,0.9028763175010681,dense,0.8661160196653743,2.151490863713225,-0.04437173839716343,clip_model.transformer.resblocks.4.mlp.c_proj,512,0.6524529631540782,141.7394893282617,512,72,26,0,1,0.5456349911100183,0.9724942099544569,0.9028763175010681,156.98660667117787,success,0.9501980543136597,0.016437679529190063,,0,0.9028763175010681,0.48264965415000916
279,NonDynamicallyQuantizableLinear,0.09405782835822019,512,512,1.0,3.2305661884954393,10.864218819245618,-3.121817692130423,0.3928537596395553,0.0,0.937694356463285,True,0.5160020589828491,dense,-2.67881623181388,1.6907126742142538,-0.2873485654210335,clip_model.transformer.resblocks.5.attn.out_proj,512,0.7613414574623102,49.05832028066021,512,12,6,0,1,2.847554695318415,1.0124278996579692,0.5160020589828491,95.0738847386863,success,0.718332827091217,0.00041193797369487584,under-trained,1,0.5160020589828491,0.38162195682525635
282,Linear,0.05516225673832564,512,2048,4.0,1.41740336991836,5.687846254490823,5.414962751203442,1.055004665545073,0.11722274061611923,0.9903597445626906,True,8.954130172729492,dense,5.415159572995596,2.4062830390264742,0.9520234037493671,clip_model.transformer.resblocks.5.mlp.c_fc,512,0.11782324415588381,254.84906174615026,512,67,14,0,1,0.5727115721389304,0.9705756512972217,8.954130172729492,28.461621266386445,success,2.9923453330993652,0.1470797061920166,,0,8.954130172729492,0.8278328776359558
284,Linear,0.05530230930958402,512,2048,4.0,1.8037474385055063,9.324587507993837,0.9674170463494908,0.6630508518600422,0.07367231687333803,0.9966869689454508,True,1.269840121269226,dense,1.1055013813328092,2.196918506251553,0.10374904471861494,clip_model.transformer.resblocks.5.mlp.c_proj,512,0.5221530181274411,157.36875401297584,512,15,20,0,1,2.1493992521670955,0.9791695219706709,1.269840121269226,123.92800587815984,success,1.1268718242645264,0.017515720799565315,under-trained,0,1.269840121269226,0.7415992617607117
288,NonDynamicallyQuantizableLinear,0.06626109446045159,512,512,1.0,3.147913688706563,5.920709333590113,-0.25459921312734335,0.41160024098723935,0.0,0.9404642692991386,True,0.9057295322418213,dense,-0.14194612139166088,1.7132243287430393,-0.043001471408656906,clip_model.transformer.resblocks.6.attn.out_proj,512,0.45444056568241165,51.66831858321876,512,27,5,0,1,0.946990952784052,1.0097889887879858,0.9057295322418213,57.04607914829899,success,0.9516982436180115,0.0005201982567086816,,1,0.9057295322418213,0.3197137713432312
291,Linear,0.06469132971267866,512,2048,4.0,1.4181526633873172,5.430408760554733,5.475798358547009,1.0726379621040083,0.11918199578933426,0.9876366745043045,True,10.194323539733887,dense,5.475996189118626,2.405823991104097,1.0083584127813685,clip_model.transformer.resblocks.6.mlp.c_fc,512,0.10521914062500007,254.57982939109206,512,79,11,0,1,0.49845992926567917,0.979170469990751,10.194323539733887,24.97270450548577,success,3.1928551197052,0.13214710354804993,,0,10.194323539733887,0.7875068783760071
293,Linear,0.03545558385324965,512,2048,4.0,1.7392555944086678,8.478046748004639,1.1221277106284548,0.7237626158226959,0.08041806842474399,0.9988981879599063,True,1.3563034534454346,dense,1.2885266575733418,2.228543143049092,0.1323568675641656,clip_model.transformer.resblocks.6.mlp.c_proj,512,0.5336288232431412,169.25563755523763,512,27,13,0,1,1.4391507676576945,0.986438975283449,1.3563034534454346,124.79186506918892,success,1.1646044254302979,0.0219833105802536,under-trained,0,1.3563034534454346,0.6929313540458679
297,NonDynamicallyQuantizableLinear,0.07690032327127094,512,512,1.0,3.2210253746466715,9.94269713503408,-3.1369479549985995,0.39157291089030316,0.0,0.9491196559530983,True,0.4836122393608093,dense,-2.8689691950932255,1.6932816687250711,-0.31550271645560357,clip_model.transformer.resblocks.7.attn.out_proj,512,0.8096836246490482,49.349376356489074,512,21,1,0,1,1.9514565018265906,1.0077909875706457,0.4836122393608093,102.04327421844035,success,0.695422351360321,9.457705891691148e-05,under-trained,2,0.4836122393608093,0.3057113587856293
300,Linear,0.0665548007538006,512,2048,4.0,1.436349399533817,5.539543189730512,5.206138492448729,1.033815991084563,0.11486844345384033,0.9894700016566097,True,8.705900192260742,dense,5.206444230353704,2.3947497666340682,0.9398136839333854,clip_model.transformer.resblocks.7.mlp.c_fc,512,0.11874889078140265,248.17027767840773,512,84,12,0,1,0.49530476874907986,0.9736221843401004,8.705900192260742,28.505986997073883,success,2.9505763053894043,0.10271992534399033,,0,8.705900192260742,0.7641735076904297
302,Linear,0.050866334900882104,512,2048,4.0,1.6314340752849619,9.12020427421992,2.2184200718924063,0.8314519318756041,0.09238354798617822,0.9986257679136563,True,1.7508234977722168,dense,2.2510360227802844,2.2841309028811847,0.24324236663900323,clip_model.transformer.resblocks.7.mlp.c_proj,512,0.47489191967868855,192.36714650137583,512,33,10,0,1,1.4135461259376425,0.9917377468201058,1.7508234977722168,109.87238105162952,success,1.3231868743896484,0.023214191198349,under-trained,0,1.7508234977722168,0.7648074626922607
306,NonDynamicallyQuantizableLinear,0.05038249911677051,512,512,1.0,3.1233303375161006,9.69622458472846,-1.7638636293215144,0.41567466405433856,0.0,0.9489400885433963,True,0.65779048204422,dense,-1.732894414421319,1.7200341217671447,-0.18191241486914372,clip_model.transformer.resblocks.8.attn.out_proj,512,0.6319256289062493,52.48486950851071,512,19,1,0,1,1.9950507450087007,1.0068498302268916,0.65779048204422,79.78964570208302,success,0.811042845249176,0.0005553438095375896,under-trained,1,0.65779048204422,0.32627829909324646
309,Linear,0.07280197088969714,512,2048,4.0,1.4458188691056417,5.438063768768184,4.862240656530104,1.0070763612598692,0.11189737347331877,0.9903076544976407,True,7.836325645446777,dense,4.862874500289095,2.389042184291453,0.8941124751892136,clip_model.transformer.resblocks.8.mlp.c_fc,512,0.12851384779357927,244.93011380638927,512,92,14,0,1,0.4627001331463154,0.9672836129330735,7.836325645446777,31.25573449703479,success,2.7993438243865967,0.09369365125894547,,0,7.836325645446777,0.7410879135131836
311,Linear,0.06016292064427878,512,2048,4.0,1.553054558501297,8.812553034445838,2.729492255436892,0.9072167268961531,0.100801858544017,0.9970686128197495,True,2.0404584407806396,dense,2.7644215584198566,2.3268965356232103,0.30972775366775784,clip_model.transformer.resblocks.8.mlp.c_proj,512,0.4446141655054095,212.2738689975813,512,31,13,0,1,1.4031759473518415,0.9861681635616721,2.0404584407806396,104.03243935532912,success,1.4284461736679077,0.02385258674621582,under-trained,0,2.0404584407806396,0.8643589615821838
315,NonDynamicallyQuantizableLinear,0.0531001898973128,512,512,1.0,2.7888404188913665,8.808649866361856,-0.5008265850383348,0.5214674753995545,0.0,0.9491402257552352,True,0.877291202545166,dense,-0.4708176816956871,1.818422632822164,-0.056856225714098665,clip_model.transformer.resblocks.9.attn.out_proj,512,0.5944063657388694,65.82981472959335,512,23,1,1,1,1.6282160514612978,1.006948551397754,0.877291202545166,75.0375867655007,success,0.9366382360458374,1.252321271749679e-05,under-trained,1,0.877291202545166,0.39400073885917664
318,Linear,0.060823296966094786,512,2048,4.0,1.4768387246079104,5.388658346634625,4.539862872042077,0.951249202900675,0.1056943558778528,0.9886403277368417,True,6.958006381988525,dense,4.541253240703629,2.3706038177954802,0.8424848227532098,clip_model.transformer.resblocks.9.mlp.c_fc,512,0.13671289600467684,234.7490361565724,512,70,25,0,1,0.5245450012491882,0.9602602806494129,6.958006381988525,33.737973676517896,success,2.637803316116333,0.10824206471443176,,0,6.958006381988525,0.7873415946960449
320,Linear,0.03499172037270587,512,2048,4.0,1.4531721859557447,8.607506026536276,3.441113500020294,1.0269434605321632,0.11410482894801811,0.9980638562682845,True,2.51061749458313,dense,3.4590621097735172,2.384635807424563,0.39978055076715685,clip_model.transformer.resblocks.9.mlp.c_proj,512,0.40904019140625,242.45760307100136,512,30,15,0,1,1.3889342190301377,0.9817458736499394,2.51061749458313,96.57289634686454,success,1.584492802619934,0.03646446019411087,under-trained,0,2.51061749458313,0.9963210225105286
324,NonDynamicallyQuantizableLinear,0.09665205304032864,512,512,1.0,2.5608514746168933,7.622362581090821,-1.9145680045179727,0.6191478815586274,0.0,0.9541443248071441,True,0.5608183741569519,dense,-0.7964900104341304,1.8925011793805007,-0.2511777659681971,clip_model.transformer.resblocks.10.attn.out_proj,512,1.1040078394174568,78.07305603056436,512,45,0,0,1,0.9872035268646692,1.0075151626205563,0.5608183741569519,139.21272844871993,success,0.7488780617713928,4.972195893060416e-05,under-trained,2,0.5608183741569519,0.3853467106819153
327,Linear,0.042513301153076055,512,2048,4.0,1.4849692500924792,5.69124126445105,4.20486938167813,0.9094586401505151,0.10105096001672392,0.9877717641515337,True,5.480645179748535,dense,4.208647092193943,2.365835039734585,0.7388316864974291,clip_model.transformer.resblocks.10.mlp.c_fc,512,0.16594006915664686,232.1854707049206,512,37,37,0,1,0.7712353130808565,0.9440993055704119,5.480645179748535,42.364623705775784,success,2.3410778045654297,0.09001150727272034,,0,5.480645179748535,0.9636293649673462
329,Linear,0.04889857601968539,512,2048,4.0,1.4252546734348135,6.452807378565477,2.558770198046759,1.0020322567896986,0.11133691742107761,0.9941182942093706,True,2.4919307231903076,dense,2.830101930190336,2.4014850135005332,0.396535964570447,clip_model.transformer.resblocks.10.mlp.c_proj,512,0.40211080005741145,252.0490201843204,512,41,34,0,1,0.8515854411645191,0.9511347867502146,2.4919307231903076,101.14607835551435,success,1.5785850286483765,0.03557252883911133,under-trained,0,2.4919307231903076,1.0156389474868774
333,NonDynamicallyQuantizableLinear,0.04442876096487958,512,512,1.0,2.362677328537963,7.089953748644817,0.0017463462489174719,0.7354016919907477,0.0,0.946777457726406,True,1.0005673170089722,dense,0.3731882929837844,1.9624611330340662,0.0002463127843748305,clip_model.transformer.resblocks.11.attn.out_proj,512,0.7349847226562501,91.71938479151538,512,28,3,0,1,1.150893079628553,1.0130636455176,1.0005673170089722,91.66738032748768,success,1.0002835988998413,0.00011836350313387811,under-trained,3,1.0005673170089722,0.5137329697608948
336,Linear,0.03454381514142035,512,2048,4.0,1.4245892574944208,4.8288449101777875,3.8373458914792637,1.0972902768617894,0.12192114187353216,0.9804021117181572,True,6.232633590698242,dense,3.8553137363105736,2.4018906307670767,0.7946715959734522,clip_model.transformer.resblocks.11.mlp.c_fc,512,0.17605563697814938,252.28453593701124,512,59,26,0,1,0.49847314917051655,0.9948535900917088,6.232633590698242,40.47799894951755,success,2.4965243339538574,0.14805802702903748,,0,6.232633590698242,0.9291563630104065
338,Linear,0.025440549400887302,512,2048,4.0,1.398949777096689,4.858770500932115,2.862034948027205,1.0318915687926977,0.11465461875474418,0.9910054466602286,True,3.881906747817993,dense,3.029451887098169,2.4176657141527045,0.5890450984417039,clip_model.transformer.resblocks.11.mlp.c_proj,512,0.2658208029785158,261.6168511582073,512,58,32,0,1,0.5066813897017207,0.9473880368280959,3.881906747817993,67.39390411819173,success,1.9702554941177368,0.02285405434668064,,0,3.881906747817993,0.9327735304832458
340,Embedding,0.04391481066203151,512,49408,96.5,0.3056804287552056,5.702425775600384,10.914939051648421,12.198897292404856,8.107105881590263,1.0142578833300362,True,82.05158996582031,embedding,11.001659058244236,3.7387346933091243,1.9140870010709143,clip_model.token_embedding,512,0.14867350282287606,5479.421296149492,512,281,78,0,1,0.28052320318790075,0.9690054277318043,82.05158996582031,66.78019644021546,success,9.058233261108398,0.5931918025016785,,0,82.05158996582031,9.847146034240723
343,Linear,0.19155729015585465,10,1024,102.4,1.7263376725203847,11.42326386294561,-4.501707375546856,0.4034899860807179,0.27139427034814706,0.99788446794817,True,0.4035688042640686,dense,-4.148584431580889,0.5257485041836597,-0.39408241195840177,classifier,10,0.9998046970367435,3.355432480573654,10,7,0,0,1,3.9396234329943596,0.9979645342747805,0.4035688042640686,8.314400035682842,success,0.6352706551551819,0.5278452634811401,under-trained,0,0.4035688042640686,0.3201605975627899
